screen_name,upper_letter_count,upper_ratio,followers_count,friends_count,bio_pronouns_count,bio_NNP_tags,bio_PRP_tags,bio_Yes_freq_terms,bio_No_freq_terms,bio_auto_Yes_freq_terms,bio_auto_No_freq_terms,class
@EmaSooma,2,0.2222222222222222,41704,266,1,1,1,0,0,2,0,y
@NurseHumorTees,3,0.2,41192,6075,1,9,0,0,0,2,2,n
@ohhitsbrystol,0,0.0,29199,1728,0,0,0,0,1,0,1,n
@AkronSusan,2,0.18181818181818182,27107,4116,0,4,0,0,0,1,0,y
@ReinaQueen7,2,0.16666666666666666,23273,13970,0,4,0,0,0,4,0,y
@KarineSexyPussy,3,0.1875,22498,24644,0,1,0,0,0,2,22,n
@Healthtechtalkn,1,0.0625,21745,16466,2,4,1,0,0,13,1,y
@SVnjMAFS,6,0.6666666666666666,21013,78,0,11,0,0,0,7,0,y
@wetnhorny74,0,0.0,18701,1092,0,6,0,0,0,14,0,y
@MKMMACChiba,7,0.5833333333333334,17209,17100,2,3,0,2,0,3,7,n
@Nvthen,1,0.14285714285714285,12382,835,0,3,0,0,0,0,2,n
@Velvett_Rose_,2,0.14285714285714285,12057,265,0,0,0,1,0,2,3,n
@Bi_Lust,2,0.25,11839,1240,0,3,0,0,0,13,1,y
@NurseMaryJInk,4,0.2857142857142857,11820,10458,0,13,1,0,0,13,1,y
@ElbertaTrisha,2,0.14285714285714285,11284,12621,0,2,0,0,0,1,0,y
@nursemobileKL,2,0.14285714285714285,10712,11680,0,0,0,0,0,0,0,n
@ATX_Milf,4,0.4444444444444444,10510,650,0,5,0,0,0,0,5,n
@N_P_jobs,2,0.2222222222222222,10341,5222,0,5,0,0,0,0,0,y
@MilfErin,2,0.2222222222222222,10019,290,1,12,1,1,0,3,6,n
@SkogCarla,2,0.2,9292,7209,1,0,0,1,0,3,2,y
@jjantz70,0,0.0,8060,8194,2,4,1,1,0,15,1,y
@naumninai,0,0.0,7933,8511,0,0,0,1,0,4,0,y
@iwriteebooks,0,0.0,7285,534,0,0,0,0,0,1,0,y
@SimpleFanHere,3,0.21428571428571427,6930,4103,1,3,1,0,0,3,1,y
@CountryNurse37,2,0.13333333333333333,6395,4079,2,1,1,1,0,5,1,y
@BabygirlKara1,2,0.14285714285714285,6297,607,0,5,0,0,0,0,8,n
@Nurse_Deola,2,0.16666666666666666,6003,5899,1,2,1,0,0,0,3,n
@kglusuegro,0,0.0,5917,124,1,18,1,0,0,18,0,y
@EndersonHelen,2,0.14285714285714285,5546,4688,5,0,5,1,0,7,6,n
@SarahJane_x21,2,0.14285714285714285,5474,3918,0,5,0,0,0,0,1,n
@lovley1414,0,0.0,5360,5767,0,3,0,0,0,7,0,y
@_Ashleemareee,1,0.07142857142857142,5108,1982,0,0,0,0,0,1,0,y
@MuhiimaB,2,0.2222222222222222,5023,2339,0,11,0,0,0,13,1,y
@lubnasheikh774,0,0.0,5019,3257,3,3,1,0,0,3,5,n
@IvoryBelleHere,3,0.2,4791,165,0,6,0,0,0,6,0,y
@QuotesforNurses,2,0.125,4719,4715,0,5,0,0,0,7,1,y
@BalesMoro,2,0.2,4600,520,4,2,3,0,0,4,4,n
@SweetTXTrouble,4,0.26666666666666666,4549,2964,0,1,0,0,0,8,1,y
@canadiangirl003,0,0.0,4523,4657,0,2,0,1,0,2,4,n
@NursingPaMore,3,0.21428571428571427,4452,357,3,1,4,0,0,4,2,n
@smvalenton,0,0.0,4432,4688,0,0,0,1,0,15,1,y
@MarcieSwenson,2,0.14285714285714285,4288,69,0,8,0,0,0,5,0,y
@greenfiev2,0,0.0,4139,4035,1,2,0,0,0,8,1,y
@NurseOcha,2,0.2,4004,152,0,0,0,0,0,0,0,y
@Bitches4Trump,2,0.14285714285714285,4002,1814,0,10,0,0,0,7,1,y
@easternan0n,0,0.0,3995,1579,1,1,1,0,0,2,0,y
@ConservCandy1,2,0.14285714285714285,3976,3654,1,11,1,0,0,10,2,y
@gufecononik,0,0.0,3971,4427,0,0,0,0,0,1,0,y
@AskTheNP,4,0.4444444444444444,3962,3828,3,7,2,0,0,8,3,y
@NurseYourLashes,3,0.1875,3958,1196,2,7,0,1,0,13,1,y
@spsrn42,0,0.0,3949,515,0,12,0,0,0,10,1,y
@David_Bendell,2,0.14285714285714285,3904,23,1,2,0,0,0,7,0,y
@hischivette12,0,0.0,3877,186,0,3,0,1,0,5,2,y
@valerie_dyer,0,0.0,3832,3765,0,2,0,4,0,6,1,y
@AdrianaMuth,2,0.16666666666666666,3749,4106,0,0,0,0,0,1,0,y
@ayeenacorie,0,0.0,3736,3684,3,5,2,0,0,0,4,n
@ReneeCronley,2,0.15384615384615385,3602,4998,3,1,2,1,0,9,2,y
@KellieHealth,2,0.15384615384615385,3582,59,1,1,0,1,1,7,0,y
@EmmaSNPHarper,5,0.35714285714285715,3581,1959,0,2,0,0,0,5,2,y
@CynNaya,2,0.25,3564,2321,2,4,2,0,0,1,4,n
@jshmxoreo,0,0.0,3556,4073,0,2,0,0,0,0,1,n
@simonpoetry,0,0.0,3528,4999,0,7,0,0,0,9,2,y
@XhaiyCee,2,0.2222222222222222,3486,490,0,4,0,0,0,2,0,y
@drcjaffe,0,0.0,3426,3256,1,9,1,1,1,11,1,y
@flychristianfly,0,0.0,3417,108,0,14,0,0,0,7,1,y
@NUMOCare,5,0.5555555555555556,3391,2801,0,7,0,0,1,16,1,y
@RatedLewd,2,0.2,3370,122,3,1,2,0,0,5,5,n
@vatuhobyvub,0,0.0,3236,3647,0,1,0,0,0,1,0,y
@plussizeanon,0,0.0,3207,2599,1,11,1,0,0,12,2,y
@MarshamMiranda,2,0.13333333333333333,3181,3325,3,1,2,2,0,3,5,n
@NursesCafe,2,0.18181818181818182,3179,1497,1,1,1,0,1,4,8,n
@PittRochelle,2,0.15384615384615385,3125,49,0,2,0,0,0,3,0,y
@bschulte97,0,0.0,3109,2151,0,0,0,0,0,1,4,n
@TaraiiQueen,2,0.16666666666666666,3108,2510,0,5,0,0,0,0,3,n
@cleanupyourdiet,0,0.0,3102,3378,4,0,1,2,1,15,2,y
@ericgethmann,0,0.0,3083,25,0,2,0,0,0,1,2,n
@jhousevlogs,0,0.0,3063,163,2,4,0,1,0,10,2,y
@CrowdFundYouth,3,0.2,3059,2787,0,13,0,0,0,9,1,y
@JoelStn,2,0.25,3048,343,0,1,0,2,2,9,1,y
@babysoundasleep,0,0.0,3021,2960,0,7,0,0,0,12,1,y
@kristinewanders,0,0.0,3011,2621,3,3,2,1,0,11,0,y
@Sassy_Nursey,2,0.15384615384615385,3009,551,1,3,0,0,0,8,0,y
@daisha2x,0,0.0,2896,1762,0,12,0,0,0,11,0,y
@elmorephd,0,0.0,2893,4540,1,5,0,2,0,9,3,y
@Flustered_Mom,2,0.14285714285714285,2858,2812,0,12,0,0,0,13,0,y
@simplemomreview,0,0.0,2755,2386,0,7,0,0,0,9,0,y
@Tynesheiaaa_,1,0.07692307692307693,2744,2414,0,5,0,0,0,1,2,n
@23weeksocks,0,0.0,2735,1561,0,13,0,0,0,14,1,y
@Qveenshxtonly,1,0.07142857142857142,2704,2728,0,0,0,0,1,1,1,n
@MariaFilipina70,2,0.125,2702,2601,0,5,0,0,0,12,1,y
@Majorboobage,1,0.07692307692307693,2696,2569,0,1,0,0,0,6,0,y
@DenNpt,2,0.2857142857142857,2637,2750,0,16,0,0,0,11,2,y
@aiee_light,0,0.0,2578,3215,0,8,0,0,0,4,1,y
@MsPrissEvieDoll,4,0.25,2575,3253,0,0,0,0,0,0,0,n
@JoanneMCourtney,3,0.1875,2556,187,0,1,0,0,0,6,0,y
@iamnursecamila,0,0.0,2529,26,3,0,1,1,0,11,0,y
@Lacy0902,1,0.1111111111111111,2525,2565,1,7,0,1,0,8,1,y
@thenurseteacher,0,0.0,2470,2396,1,5,0,1,0,10,2,y
@WhiteGirlTay,3,0.23076923076923078,2428,1003,0,3,0,0,0,0,1,n
@nursebrenda93,0,0.0,2418,4885,0,2,0,0,0,4,0,y
@rarafan92,0,0.0,2396,42,0,0,0,0,0,0,0,y
@bitchwhaaaaaaaa,0,0.0,2368,4327,5,2,3,1,1,2,11,n
@TravelRNStyle,4,0.2857142857142857,2366,3161,0,18,0,0,0,10,0,y
@pfr2505,0,0.0,2360,1790,0,3,0,2,0,6,0,y
@wifelopedia,0,0.0,2330,2230,0,10,0,0,0,4,1,y
@KeithSonia,2,0.18181818181818182,2303,2991,0,1,0,0,0,1,0,y
@gesare57,0,0.0,2300,1412,0,14,0,0,0,10,0,y
@darian_lparson,0,0.0,2292,2372,0,16,0,0,0,4,0,y
@FreddySabrina,2,0.14285714285714285,2280,3034,0,1,0,0,0,1,0,y
@maximumclassic,0,0.0,2279,2396,0,9,0,0,0,7,1,y
@lmsteinmann,0,0.0,2271,2776,0,3,0,0,0,14,1,y
@DemonicNurse,2,0.15384615384615385,2260,59,1,1,0,2,1,4,0,y
@rideinmyAtivan,1,0.06666666666666667,2242,456,4,1,2,1,0,6,2,y
@whenn__d,0,0.0,2226,1184,2,7,0,1,0,1,2,n
@vep_connie,0,0.0,2226,2451,0,12,0,0,0,4,2,y
@BookMom80,2,0.2,2214,2233,0,8,0,0,0,6,1,y
@garywickson,0,0.0,2203,2415,0,3,0,0,0,1,0,y
@MommyRN_,3,0.3333333333333333,2187,2226,0,2,0,0,0,12,0,y
@kat28RN,2,0.25,2170,1992,0,8,0,0,0,2,0,y
@FierceFemtivist,2,0.125,2162,754,0,13,0,0,0,8,1,y
@emilyaloecake,0,0.0,2148,2505,2,5,2,2,0,10,5,y
@peyge_sims,0,0.0,2114,4958,1,2,1,0,0,11,0,y
@bathurst_vicki,0,0.0,2111,2551,5,0,3,3,1,3,6,n
@yournursingjobs,0,0.0,2065,2452,3,2,3,0,0,7,3,y
@ilerpine,0,0.0,2052,2229,0,5,0,0,0,7,2,y
@paulh2167657,0,0.0,2020,4998,0,3,0,0,0,3,1,y
@BronsonWilks,2,0.15384615384615385,2016,4967,0,7,1,0,0,10,3,y
@GarzaDean,2,0.2,1997,2063,1,1,1,1,0,10,0,y
@websurgeon05191,0,0.0,1989,3036,0,4,0,1,0,2,5,n
@anna__Scott__,1,0.07142857142857142,1978,4536,1,5,1,1,0,10,3,y
@NurseLotsaLuv,3,0.21428571428571427,1973,1973,1,16,1,0,0,0,8,n
@NeuvooChernivt,2,0.13333333333333333,1968,1878,2,1,0,0,0,1,6,n
@MissLovey379,2,0.15384615384615385,1962,3414,0,14,0,0,0,11,1,y
@psychnurseprobz,0,0.0,1943,730,2,1,2,0,0,1,5,n
@FitzeeElla,2,0.18181818181818182,1932,156,1,2,0,0,0,4,3,y
@LewdNurseJoy_,3,0.21428571428571427,1925,556,6,6,4,1,0,6,10,n
@DehaanStephanie,2,0.125,1924,1709,0,1,0,1,2,7,0,y
@chynnadoll7,0,0.0,1919,2057,0,2,0,0,0,0,2,n
@martinfabrizio2,0,0.0,1911,1880,0,9,0,0,0,11,0,y
@lilyppleemingp5,0,0.0,1911,661,1,1,0,1,0,4,1,y
@fiwovanyjej,0,0.0,1900,1369,0,1,0,0,0,0,0,y
@crossfitguy_15,0,0.0,1877,408,2,2,1,0,0,1,5,n
@1periculo,0,0.0,1876,2147,0,8,0,1,0,6,2,y
@papacciorn,0,0.0,1850,2126,0,5,1,0,0,6,1,y
@studentnuurse,0,0.0,1847,3378,4,0,3,0,0,5,2,y
@cocaineNoHonei,2,0.13333333333333333,1841,506,2,6,2,0,0,3,1,y
@DuranceauRandi,2,0.13333333333333333,1828,2333,1,3,1,0,0,9,0,y
@awhjazmin,0,0.0,1827,795,0,0,0,0,1,2,3,n
@starlasphinz1,0,0.0,1822,5002,0,2,0,0,0,5,0,y
@TheMamaNurse,3,0.23076923076923078,1805,2018,1,3,0,0,0,12,1,y
@HuganDking,2,0.18181818181818182,1794,3215,0,12,0,0,0,9,0,y
@suzannecleroy,0,0.0,1790,1585,0,12,0,0,0,10,1,y
@LizzysSugarToes,3,0.1875,1772,1429,2,0,1,0,0,2,4,n
@shonad7674,0,0.0,1758,1606,2,3,0,0,0,13,0,y
@Versatop69,1,0.09090909090909091,1746,572,4,15,3,0,0,1,10,n
@ChastityBelt33,2,0.13333333333333333,1735,2475,0,23,0,0,0,13,1,y
@sexehadagosi,0,0.0,1734,1999,0,1,0,0,0,1,0,y
@Summerpreslie,1,0.07142857142857142,1734,331,0,7,0,0,0,0,6,n
@LisaLocher1,2,0.16666666666666666,1698,3016,0,6,0,0,0,0,10,n
@HisPharmWife,3,0.23076923076923078,1685,1238,5,4,1,1,0,2,7,n
@fiestagramApp,1,0.07142857142857142,1685,4935,0,10,0,0,0,12,0,y
@GymLeaderBr0ck,3,0.2,1684,1607,1,2,0,1,0,0,2,n
@Raquelove01,1,0.08333333333333333,1680,66,0,0,0,0,0,0,0,y
@trevino_roxanne,0,0.0,1663,2186,1,11,1,2,0,10,3,y
@myfaceredso,0,0.0,1660,4990,4,1,0,2,0,9,1,y
@IBDPassport,4,0.3333333333333333,1652,860,0,10,0,0,0,15,0,y
@TLBCofficial,4,0.3076923076923077,1646,19,2,6,1,0,0,2,3,n
@FABNotts,4,0.4444444444444444,1627,2138,0,11,0,0,0,13,1,y
@CannabisRJ,3,0.2727272727272727,1625,1926,0,0,0,0,0,0,0,n
@MotherhoodandMS,3,0.1875,1621,2011,0,4,0,0,0,9,2,y
@BackwoodsBromo,2,0.13333333333333333,1613,473,3,0,2,1,1,2,3,n
@LauraH1ppy,2,0.18181818181818182,1608,272,1,3,1,1,0,13,1,y
@Taayluhhhhh_143,1,0.0625,1597,1424,0,5,0,0,0,0,4,n
@JenRaineSmart,3,0.21428571428571427,1596,2073,3,9,3,1,0,9,2,y
@endoverwhelmnow,0,0.0,1595,2278,0,9,0,1,0,12,1,y
@goddessstacey69,0,0.0,1593,1613,3,0,0,1,0,8,2,y
@Miss_Asteria,2,0.15384615384615385,1593,518,1,10,1,0,0,2,7,n
@Santosh424Sp,2,0.15384615384615385,1592,1333,0,22,0,0,0,1,14,n
@NurseJackie615,2,0.13333333333333333,1588,1379,1,11,0,1,0,14,0,y
@LgLgarris62,2,0.16666666666666666,1577,1489,0,1,0,1,0,8,3,y
@agbg1996,0,0.0,1570,1406,1,6,1,2,0,8,0,y
@MollyMclellan91,2,0.125,1566,2245,2,0,1,1,0,1,5,n
@ppleasant14,0,0.0,1565,2473,0,7,0,0,0,6,1,y
@RaeJean9,2,0.2222222222222222,1562,2010,2,10,1,0,0,8,2,y
@littlebuttonboo,0,0.0,1559,1543,1,4,1,0,0,4,0,y
@reinascrubstwt,0,0.0,1559,1863,4,0,3,0,0,5,7,n
@ThyWntcookie,2,0.15384615384615385,1550,813,0,0,0,0,1,0,0,n
@AmericanMex067,2,0.13333333333333333,1546,1074,0,12,0,0,0,11,0,y
@NigelDynamite,2,0.14285714285714285,1544,2045,0,5,0,0,0,2,6,n
@BeachyBeads1,2,0.15384615384615385,1544,2038,2,14,0,0,0,13,3,y
@ang4575,0,0.0,1544,2435,0,8,0,0,0,14,0,y
@vparr3,0,0.0,1542,1668,0,3,0,2,0,3,2,y
@_paigeolson,0,0.0,1537,882,0,8,0,0,0,5,0,y
@OhSotto,2,0.25,1536,1488,0,18,0,0,0,6,0,y
@roIlerCosta,2,0.16666666666666666,1535,454,0,0,0,0,0,2,0,y
@nurs_ed_com,0,0.0,1531,2121,0,0,0,1,0,4,6,n
@pinkinktattoo1,0,0.0,1530,2559,0,10,0,0,0,15,2,y
@nei_monaee,0,0.0,1527,1920,0,2,0,0,0,0,0,n
@PiesieAfia,2,0.18181818181818182,1526,154,0,9,0,0,0,0,13,n
@_AbbyBabyyy,2,0.16666666666666666,1514,1207,0,15,0,0,0,5,0,y
@drewwerner1690,0,0.0,1513,4050,0,6,0,3,0,16,0,y
@eatmyyythoughts,0,0.0,1512,459,0,9,0,0,0,3,9,n
@RhamRN,3,0.42857142857142855,1511,531,1,0,1,0,0,4,0,y
@dementiaboy,0,0.0,1509,929,0,5,0,0,0,8,0,y
@IQRA_Raani,5,0.45454545454545453,1490,1783,0,5,0,0,0,5,1,y
@chitownbromo,0,0.0,1476,2187,1,2,0,0,0,8,1,y
@Vanilla_SweetMe,3,0.1875,1473,1945,3,7,3,0,0,9,3,y
@NeuvooNurLon,3,0.23076923076923078,1471,1405,2,1,0,0,0,1,7,n
@AlexndrBerkeley,2,0.125,1469,1914,1,0,1,0,0,0,0,y
@quietandsassy_,0,0.0,1460,930,1,5,1,0,0,1,10,n
@ujellyxlover,0,0.0,1456,2040,0,1,0,0,0,1,1,n
@finnyLaura,1,0.09090909090909091,1451,1464,1,1,0,1,0,11,0,y
@NoBody_6000,2,0.16666666666666666,1450,2100,3,8,3,1,0,5,1,y
@EpicMurse,2,0.2,1450,1536,6,1,3,0,0,2,4,n
@GuerrillaNurse,2,0.13333333333333333,1447,2265,0,7,0,1,0,14,1,y
@lorraine_tinker,0,0.0,1429,2106,1,4,0,1,1,10,2,y
@PoutandFlutter,2,0.13333333333333333,1427,1928,1,6,0,0,0,14,0,y
@danieloliloxip,0,0.0,1413,1470,0,1,0,0,0,1,0,y
@Shannon30446397,1,0.0625,1410,1828,3,1,0,0,0,12,1,y
@Michigan_bellee,1,0.0625,1410,1128,0,20,0,2,0,5,4,n
@MadamePrez4Ted2,3,0.1875,1408,2092,2,2,1,0,0,10,1,y
@leahbridges82,0,0.0,1397,2035,2,0,1,1,0,1,5,n
@angharad1963,0,0.0,1394,2303,3,1,2,0,0,5,8,n
@MmayburyrnMary,2,0.13333333333333333,1384,4404,3,2,1,0,1,5,2,y
@bone_sharon,0,0.0,1378,1711,0,0,0,0,1,9,0,y
@Yvibrantessence,1,0.0625,1376,72,2,2,1,0,0,6,3,n
@TheMamatova,2,0.16666666666666666,1368,3553,0,16,0,0,0,15,1,y
@wrinklerecovery,0,0.0,1359,4965,0,2,0,0,0,7,2,y
@sherry4201,0,0.0,1355,1510,0,5,0,0,0,3,0,y
@_poppunkGF,2,0.18181818181818182,1355,574,0,2,0,0,0,0,5,n
@clouim531,0,0.0,1341,4624,0,9,0,0,0,10,1,y
@Frostyblonde01_,1,0.0625,1337,952,2,6,0,1,0,6,0,y
@Lefty0971,1,0.1,1321,188,0,13,0,0,0,7,0,y
@elmejo10,0,0.0,1320,2009,0,6,0,0,1,5,7,n
@BluebellBw,2,0.18181818181818182,1318,1301,1,1,0,0,0,12,1,y
@The_FFBC,5,0.5555555555555556,1315,206,0,19,0,0,0,4,12,n
@nursingdiva2016,0,0.0,1314,1030,1,16,1,0,0,3,1,y
@kennygibsonnhs,0,0.0,1313,1165,0,3,0,0,0,12,0,y
@njlakic,0,0.0,1312,983,2,0,1,1,0,10,0,y
@Rn4momChelle,2,0.15384615384615385,1308,1318,2,3,0,3,1,3,4,n
@KenKenhall65,2,0.15384615384615385,1307,1844,2,1,2,0,0,11,0,y
@DeannePccn,2,0.18181818181818182,1299,1539,0,2,0,1,0,3,0,y
@LVFRN7,5,0.7142857142857143,1299,2122,2,12,0,2,0,11,1,y
@aubriana_donato,0,0.0,1298,1762,0,1,0,0,0,0,0,n
@Jacarrah__,1,0.09090909090909091,1296,1126,0,5,0,0,0,0,1,n
@SchultzTana,2,0.16666666666666666,1293,1730,2,3,1,0,0,11,0,y
@indu_neupane,0,0.0,1292,526,0,2,0,0,0,1,0,y
@NancieShiroh,2,0.15384615384615385,1285,1851,2,0,2,0,0,2,10,n
@eviefisher10,0,0.0,1284,1444,4,8,2,2,0,12,3,y
@NurseEdUK,4,0.4,1282,1078,0,9,0,0,1,7,7,n
@nancy091013,0,0.0,1282,2122,0,2,0,1,0,1,1,y
@The_NP_Show,4,0.3333333333333333,1279,348,1,11,0,0,0,3,7,n
@sweetcakes1965,0,0.0,1279,2135,0,3,0,1,0,8,2,y
@BravePublic_Hat,3,0.1875,1279,1088,0,13,0,0,0,6,0,y
@MarinesCatMom,3,0.21428571428571427,1277,742,2,0,0,1,0,1,3,n
@DirtyTeleNurse,3,0.2,1275,1792,2,0,2,1,0,6,7,n
@SpecialOps_X,3,0.23076923076923078,1267,1742,0,3,1,0,0,1,5,n
@Nurse_Hub,2,0.2,1265,907,0,0,0,0,1,0,2,n
@Maryam_B_A_97,3,0.21428571428571427,1265,2075,0,0,0,0,0,0,0,n
@jay_kanz,0,0.0,1264,569,0,12,0,0,0,11,0,y
@dalie_1998,0,0.0,1257,1947,0,2,0,0,1,0,4,n
@nursein_trainin,0,0.0,1257,894,0,0,0,0,0,0,5,n
@Goldschlagerkid,1,0.0625,1256,395,0,14,0,1,0,13,2,y
@wanderwithwine1,0,0.0,1248,887,0,2,0,2,0,9,0,y
@mthembunokuthu1,0,0.0,1244,1827,1,5,0,1,0,0,7,n
@besin_lani,0,0.0,1238,1902,0,1,0,1,0,7,0,y
@philliponduty,0,0.0,1232,911,0,12,0,0,0,1,7,n
@JessicaMPicard,3,0.2,1231,1245,2,5,1,0,0,3,9,n
@GirlyChristian7,2,0.125,1230,1203,4,6,3,0,0,17,1,y
@Beautifulnoora,1,0.06666666666666667,1228,209,0,13,0,0,0,8,0,y
@AshBashNichole,3,0.2,1224,1035,1,7,1,0,0,1,4,n
@rk773936,0,0.0,1222,1578,3,0,3,0,0,4,2,y
@AstroguyHawaii,2,0.13333333333333333,1222,1362,0,8,0,0,0,8,1,y
@Striker0108,1,0.08333333333333333,1221,1227,0,12,0,1,0,11,1,y
@sleepingcats215,0,0.0,1219,2266,2,1,0,1,0,14,1,y
@EclipseOfiukusu,2,0.125,1206,371,0,7,0,0,0,10,1,y
@Emoniee_D,2,0.2,1204,1605,0,6,0,0,0,0,1,n
@_ParisNextDoor_,3,0.1875,1202,1190,0,9,0,0,0,1,7,n
@janessong319,0,0.0,1195,2204,4,2,2,0,0,13,1,y
@skyedolphins,0,0.0,1190,2099,0,3,0,0,0,10,1,y
@fhoodstories,0,0.0,1189,253,2,5,1,0,0,5,0,y
@shopshi,0,0.0,1185,2026,1,1,0,3,0,9,1,y
@NurseCrazyEyez,3,0.2,1183,1904,1,6,0,0,0,13,3,y
@gingermshort,0,0.0,1180,1965,0,6,0,0,0,11,1,y
@Dirty_Nappy,2,0.16666666666666666,1175,1049,1,6,0,0,0,13,0,y
@VivianJo1,2,0.2,1173,1091,1,12,1,0,0,11,1,y
@NiddyNidz,2,0.2,1162,1103,2,3,0,0,0,6,1,y
@msallaboutus,0,0.0,1158,1265,1,8,0,1,0,7,3,y
@FaizaLhabidabs,2,0.13333333333333333,1157,261,0,6,0,1,0,5,0,y
@KayMarleyMar,3,0.23076923076923078,1152,1317,0,3,0,1,0,0,6,n
@kellymoorebp,0,0.0,1148,1427,0,1,0,0,0,10,0,y
@Cybernat61,1,0.09090909090909091,1145,2004,0,2,0,0,0,2,0,y
@Chall94509,1,0.09090909090909091,1141,1720,5,8,3,0,0,10,2,y
@nurseanita1998,0,0.0,1138,2162,0,1,0,0,0,1,0,y
@johairah23,0,0.0,1138,884,3,0,2,0,0,8,1,y
@Tj48000Nina,2,0.16666666666666666,1135,1142,3,5,0,0,0,10,0,y
@Mbelin1033Mary,2,0.13333333333333333,1132,1987,0,15,0,0,0,7,1,y
@nijeah,0,0.0,1131,1841,5,2,3,0,0,6,6,n
@eatASIAn_food,4,0.2857142857142857,1130,874,3,0,1,0,1,1,5,n
@NCbaby_,2,0.25,1128,1376,4,11,2,1,0,2,6,n
@kermei_94,0,0.0,1120,102,0,12,0,0,0,0,5,n
@lesleycarter22,0,0.0,1119,1510,1,5,0,1,0,6,2,y
@MLPSnowStar,5,0.4166666666666667,1119,1295,0,10,0,0,0,11,0,y
@TheTinderGay,3,0.23076923076923078,1117,829,4,8,4,0,0,12,2,y
@nawty_nurse,0,0.0,1113,169,0,0,0,0,0,0,0,n
@mentalmaven,0,0.0,1113,509,0,4,0,0,0,11,1,y
@Mountainultra,1,0.07142857142857142,1112,201,0,23,0,0,0,0,8,n
@mc_sherrie,0,0.0,1110,1944,0,0,0,0,0,1,1,y
@911getaway,0,0.0,1110,1957,2,0,1,0,0,14,1,y
@MichelleMenny,2,0.14285714285714285,1110,3075,2,2,1,3,1,6,7,n
@alain77510773,0,0.0,1109,998,1,0,1,0,0,8,1,y
@PGibesonRN,4,0.36363636363636365,1108,2245,1,6,0,0,0,10,3,y
@Bbiscuit24,1,0.09090909090909091,1107,269,0,10,0,1,0,3,10,n
@LoriBrabant,2,0.16666666666666666,1106,2403,0,5,0,0,0,2,0,y
@TerrieMcevoy,2,0.15384615384615385,1103,55,4,8,3,0,0,10,1,y
@RoxyFoxy222,2,0.16666666666666666,1089,4021,5,9,4,1,0,11,0,y
@chocolatekillaa,0,0.0,1088,2212,0,14,3,0,0,2,5,n
@I_never_fear,1,0.07692307692307693,1087,385,4,4,3,2,0,1,8,n
@thatgaynurse,0,0.0,1086,587,1,3,1,0,1,0,0,n
@hold_sugar,0,0.0,1086,778,2,1,0,1,0,2,5,n
@snarkyscrubs,0,0.0,1082,566,2,6,0,2,0,13,0,y
@DelicsSurprise,2,0.13333333333333333,1081,4961,3,12,1,1,0,6,1,y
@MamaCurtiss,2,0.16666666666666666,1073,1678,0,17,0,0,0,7,0,y
@NursesRound,2,0.16666666666666666,1068,2006,0,9,0,0,0,12,2,y
@OtterInTheStx,4,0.2857142857142857,1063,696,1,0,1,2,0,6,0,y
@evelynpm50,0,0.0,1060,2012,3,0,1,4,0,10,2,y
@future__nurse,0,0.0,1060,683,0,2,0,1,0,3,1,y
@_niyaamonae,0,0.0,1056,875,0,11,0,1,0,4,6,n
@LifeInTheICU,6,0.46153846153846156,1053,496,0,6,0,0,0,9,1,y
@Mikeys1Mum,2,0.18181818181818182,1052,2461,4,0,2,3,0,11,3,y
@sassnpolitics,0,0.0,1050,869,0,4,0,1,1,4,3,n
@patsy_glasgow,0,0.0,1048,1700,0,4,0,0,0,1,7,n
@sassy_md_sn,0,0.0,1044,703,0,4,0,1,0,2,2,n
@fd00ba57417d449,0,0.0,1042,934,0,4,0,0,0,9,2,y
@beachnurse269,0,0.0,1041,2993,0,0,0,0,0,0,2,n
@LapeNurse,2,0.2,1034,477,0,8,0,1,0,6,0,y
@Buffy3349,1,0.1,1031,1191,3,0,2,0,0,8,1,y
@Rwmartin72,1,0.09090909090909091,1030,2197,0,10,0,0,0,13,2,y
@getitkim,0,0.0,1026,333,1,0,0,3,1,11,2,y
@CharmantNiQ,3,0.25,1023,805,0,0,0,0,0,0,0,n
@mmistretta691,0,0.0,1022,992,3,1,3,5,0,8,5,y
@libertarianchik,0,0.0,1022,1043,0,6,0,0,0,7,1,y
@SoutheRNgirl767,3,0.1875,1021,1978,0,1,0,0,1,0,0,n
@ScuthernBeauty,2,0.13333333333333333,1021,984,0,13,0,0,0,8,0,y
@MixMylicious,2,0.15384615384615385,1019,1004,1,17,1,0,0,13,0,y
@fargoscargo1,0,0.0,1012,1291,0,6,0,0,0,1,2,n
@steveshaw1979,0,0.0,1008,936,6,1,4,0,0,5,5,n
@ManorRdGoods,3,0.23076923076923078,1001,948,0,6,0,1,1,10,3,y
@StudentNurse_UK,4,0.25,1001,1016,1,1,1,0,2,3,6,n
@keepinupwithni,0,0.0,1000,697,1,4,1,0,1,0,5,n
@kiwikiwipee,0,0.0,1000,1029,0,20,0,0,0,11,0,y
@_WhiskeyDarlin,2,0.13333333333333333,1000,1200,5,4,3,1,0,4,3,n
@SallyJoBradley1,3,0.1875,1000,1997,0,3,0,0,0,14,3,y
@Jirianranj,1,0.09090909090909091,991,863,1,2,0,0,1,2,0,n
@PoeticGoddness,2,0.13333333333333333,990,421,2,16,2,0,0,0,12,n
@aasthatwitting,0,0.0,989,31,0,3,0,0,0,0,3,n
@kristenmooody,0,0.0,989,677,1,10,2,0,0,0,7,n
@oswin_claire,0,0.0,984,1299,0,10,0,0,0,8,0,y
@nursing_dp,0,0.0,983,1917,0,0,0,0,0,3,0,y
@Aki__Nijou,2,0.18181818181818182,983,396,0,11,0,0,0,9,1,y
@abcdef__jee,0,0.0,982,581,0,0,0,0,0,0,1,n
@just_drew_me,0,0.0,977,507,2,7,1,0,0,6,0,y
@neil_catherine,0,0.0,969,816,0,6,0,1,1,9,0,y
@EZannuti,2,0.2222222222222222,967,2294,0,10,0,0,0,8,1,y
@PetRosewood,2,0.16666666666666666,965,0,0,2,1,0,1,11,3,y
@ObstetricsRN,3,0.23076923076923078,964,1743,0,0,0,0,0,8,0,y
@muchirijoyce1,0,0.0,964,1990,0,0,0,1,0,0,0,y
@AbbyHespah,2,0.18181818181818182,962,2011,0,13,0,0,0,5,1,y
@ohiamjessica,0,0.0,953,1322,2,1,1,1,1,2,3,n
@V_ofPSE,4,0.5,951,1116,2,4,1,0,0,12,1,y
@LiveAsQueenAnne,4,0.25,951,1950,0,11,0,0,0,9,0,y
@LynnieceMiss,2,0.15384615384615385,951,1886,0,2,0,0,0,2,5,n
@RNRecruiting,3,0.23076923076923078,951,35,3,3,3,0,0,2,7,n
@PatriciaLindbe3,2,0.125,950,1887,0,3,0,0,0,4,0,y
@kbdpgela,0,0.0,949,644,2,0,1,1,0,3,3,n
@jaretblidook,0,0.0,940,1986,2,2,2,0,0,11,1,y
@nursingstat,0,0.0,939,1654,2,5,0,1,0,9,5,y
@4wrapstolive,0,0.0,936,1642,1,12,1,1,0,6,1,y
@downtownlesbos,0,0.0,936,796,1,1,1,0,0,8,0,y
@WhiteJacketPink,3,0.1875,935,838,1,13,0,0,0,8,0,y
@Crashnebula14,1,0.07142857142857142,931,1924,1,5,1,0,0,2,8,n
@my_vetnurse,0,0.0,928,1674,2,0,1,0,0,4,7,n
@buckiewitmer,0,0.0,928,1047,0,0,0,0,0,1,0,y
@staffing_agent,0,0.0,926,1892,0,6,0,0,0,6,1,y
@lilklee821,0,0.0,922,2158,5,1,4,1,0,11,1,y
@BabsGreenEyes,3,0.21428571428571427,921,1227,3,0,3,0,0,7,2,y
@CoriBush4Senate,3,0.1875,914,588,0,7,0,0,0,1,0,y
@ElaineMenshouse,2,0.125,908,812,1,6,0,1,0,6,2,y
@srickenberg,0,0.0,905,895,2,7,0,0,0,12,2,y
@NCariddo,2,0.2222222222222222,904,1972,1,7,1,0,0,9,3,y
@nicolewest37,0,0.0,904,784,0,3,0,0,0,1,2,n
@savageonsite,0,0.0,904,898,0,13,0,0,0,2,6,n
@PBB_TeamJayme,5,0.35714285714285715,903,201,0,6,0,1,0,6,0,y
@LipNurse,2,0.2222222222222222,901,1331,0,2,0,0,1,3,4,n
@jessica_kimchi,0,0.0,901,113,4,0,2,4,1,6,3,y
@JoannaSapida,2,0.15384615384615385,899,2027,0,6,0,0,0,4,1,y
@Yourfitnurse,1,0.07692307692307693,898,756,3,4,2,1,0,6,2,y
@jobodyrn,0,0.0,893,1934,3,1,0,1,1,7,3,y
@LDNNURSE,8,0.8888888888888888,884,1796,1,2,0,1,0,4,1,y
@__dejamichelle,0,0.0,883,1731,0,2,0,0,0,1,2,n
@JoeKellyMP,4,0.36363636363636365,883,341,0,4,0,0,0,6,1,y
@Abette77Amanda,2,0.13333333333333333,883,1882,0,0,0,0,0,0,0,n
@SiskaSiskahattu,2,0.125,881,934,3,0,1,1,0,6,1,y
@Hunter873J,2,0.18181818181818182,879,869,0,1,0,0,0,7,1,y
@bturner72812,0,0.0,879,2063,4,2,3,1,0,8,0,y
@nursie6,0,0.0,875,1323,2,2,0,1,0,6,1,y
@jarheadrn2gmail,0,0.0,875,1863,0,5,0,0,0,2,0,y
@mirandafraun,0,0.0,871,1959,0,3,0,1,0,7,0,y
@puravidanaples,0,0.0,871,15,0,10,1,0,0,13,1,y
@AlleySara,2,0.2,870,1265,0,3,0,0,0,5,3,y
@JenJasmin75,2,0.16666666666666666,870,1000,3,4,1,4,0,10,1,y
@JericahMarie_,2,0.14285714285714285,870,638,0,5,0,0,0,0,4,n
@StlMagnolia1,2,0.15384615384615385,867,546,1,3,1,0,0,9,1,y
@LivinNCin,3,0.3,865,1377,0,19,0,2,1,13,1,y
@SkyeBlaak,2,0.2,864,837,0,0,0,0,1,2,1,y
@Loritrufit,1,0.09090909090909091,864,1604,1,2,1,0,0,3,0,y
@superrmaxine_,0,0.0,863,109,0,0,0,0,1,1,1,n
@BadAdviceNurse1,3,0.1875,860,17,5,3,4,0,0,9,8,n
@jshelp84,0,0.0,856,948,0,0,0,1,0,3,1,y
@nurseauthors2,0,0.0,856,1989,3,3,2,0,0,7,7,n
@ArizonaNurse,2,0.15384615384615385,855,304,3,4,0,3,1,5,1,y
@AtkinDiana,2,0.18181818181818182,852,1970,0,14,0,0,0,8,3,y
@daysharena,0,0.0,852,693,0,4,0,0,1,1,2,n
@gotghost5,0,0.0,851,1292,0,3,0,2,0,13,4,y
@MissLeahCooke,3,0.21428571428571427,850,501,0,10,0,0,0,4,1,y
@LaToyaLemons,3,0.23076923076923078,847,1967,2,7,1,0,0,8,2,y
@Nonnie_Linda,2,0.15384615384615385,845,1153,1,2,0,0,0,7,0,y
@PriaCelestee,2,0.15384615384615385,843,809,0,3,0,0,0,0,3,n
@itsclaremarie,0,0.0,843,931,0,2,0,1,0,6,0,y
@AuthorGSarpong,3,0.2,842,1586,0,13,0,0,0,8,3,y
@andreawiley_,0,0.0,839,898,1,0,0,0,1,2,3,n
@AlexIrvineYork,3,0.2,838,1220,2,11,1,1,0,11,2,y
@ThePrayingNurse,3,0.1875,838,2013,1,5,0,0,0,9,1,y
@AnonLadyRN,4,0.36363636363636365,836,129,5,2,3,3,0,7,2,y
@Scrubsandsquats,1,0.0625,834,310,1,5,1,0,0,4,0,y
@BareroRose,2,0.18181818181818182,834,259,0,3,0,0,0,0,1,n
@GlamNurse614,2,0.15384615384615385,834,358,0,5,0,0,0,4,0,y
@MamaMMcCall,4,0.3333333333333333,831,1083,2,8,1,1,0,11,0,y
@Aaryon_Nurse,2,0.15384615384615385,831,1851,0,4,0,0,0,0,2,n
@jwhorsley,0,0.0,828,847,1,9,1,0,0,5,0,y
@eneaangela,0,0.0,828,692,1,6,0,0,0,3,4,n
@miguelkaAllie,1,0.07142857142857142,823,811,0,0,0,2,0,6,8,n
@Jada_btw,1,0.1111111111111111,823,657,0,2,0,0,0,0,1,n
@Logan_A_Gates,3,0.21428571428571427,823,1587,2,5,2,0,1,3,5,n
@lundgrenmall,0,0.0,822,1941,0,2,0,0,0,5,0,y
@debilesigger25,0,0.0,821,83,3,5,1,3,0,9,0,y
@nanciesuzan,0,0.0,820,1864,1,0,0,1,0,6,1,y
@1f466e0965924bb,0,0.0,820,2062,4,0,1,1,0,3,4,n
@crystaljordan94,0,0.0,819,617,1,0,0,0,1,5,1,y
@CApparitionSE,4,0.2857142857142857,815,362,0,3,0,0,0,11,0,y
@LaReinanurse1,2,0.14285714285714285,813,604,2,10,1,1,0,13,1,y
@Nurse_Gerard,2,0.15384615384615385,813,780,0,0,0,0,0,0,7,n
@angelhart1988,0,0.0,811,2178,3,1,3,1,0,3,1,y
@HeeeeyPril,2,0.18181818181818182,809,326,0,2,0,0,0,1,0,y
@hevmariee,0,0.0,807,646,0,7,0,0,0,1,3,n
@JrtrippjrR,2,0.18181818181818182,806,2032,0,15,0,0,0,9,0,y
@camoprep,0,0.0,803,527,3,0,2,1,0,3,6,n
@D_Desss,2,0.25,801,953,0,4,0,0,0,0,3,n
@PregWorld,2,0.2,801,3111,1,4,0,1,0,7,2,y
@teejaaayasf_,0,0.0,799,823,0,13,0,0,0,0,5,n
@iam_taraa,0,0.0,797,382,1,6,0,1,0,2,2,n
@blairalexisss,0,0.0,797,373,0,8,0,0,0,5,4,n
@lory_pixie,0,0.0,796,1007,0,1,0,1,0,4,1,y
@auroraskilaki,0,0.0,794,570,0,0,0,0,0,2,1,y
@ComedyScript,2,0.15384615384615385,792,1704,0,8,0,0,0,10,0,y
@beloved_quashaa,0,0.0,788,470,0,7,0,0,0,2,0,y
@SuzySmitty,2,0.18181818181818182,788,2394,1,3,1,2,0,6,5,n
@YulandaWhittier,2,0.125,787,1977,0,0,0,0,0,2,0,y
@lucyysmartt,0,0.0,782,1109,0,8,0,0,0,2,0,y
@SNmidwest,2,0.2,781,188,0,1,0,1,1,3,0,y
@Arvien26,1,0.1111111111111111,780,1155,0,13,0,0,0,8,5,y
@LaniBesin,2,0.2,775,1888,0,1,0,1,0,6,2,y
@JadeHaines1,2,0.16666666666666666,775,1063,1,2,0,1,0,9,1,y
@Su_Mitch1121,2,0.15384615384615385,774,1061,2,0,0,2,0,6,10,n
@TechInstPart,3,0.23076923076923078,773,1408,1,0,0,0,0,4,8,n
@bunnie_bae,0,0.0,772,1129,5,6,3,1,0,14,1,y
@bean_______,0,0.0,771,766,3,1,3,0,0,3,0,y
@laurakrooney,0,0.0,769,913,1,13,0,1,0,12,2,y
@horny_mickie,0,0.0,769,1830,2,2,2,0,0,3,3,n
@SaveHealthNurse,3,0.1875,766,947,2,2,0,2,1,7,1,y
@Nurse_surfing,1,0.07142857142857142,765,2172,3,4,1,0,0,10,0,y
@AdvPracPrep,3,0.25,765,4459,3,5,2,0,0,5,0,y
@IcyCosplay,2,0.18181818181818182,764,81,0,1,0,0,0,2,1,y
@FeistySnowflake,2,0.125,764,1376,2,13,1,2,0,5,10,n
@ginah89121,0,0.0,761,81,2,9,0,1,0,8,1,y
@Strax_Sontaran,2,0.13333333333333333,759,1188,4,8,3,0,0,15,0,y
@elizabeth27ann,0,0.0,756,683,0,8,0,1,0,7,2,y
@ICU_gypsynurse,3,0.2,755,394,1,0,0,0,0,2,0,y
@naibaho_siagian,0,0.0,754,204,0,3,0,0,0,17,0,y
@_BriAntwanette,2,0.13333333333333333,753,1480,5,3,4,0,0,3,4,n
@littleworldbeka,0,0.0,753,372,1,8,0,1,1,7,1,y
@heartbreakseven,0,0.0,753,628,1,3,0,0,1,0,1,n
@LightenedWinter,2,0.125,752,1242,4,11,2,3,0,11,0,y
@aduseijennifer1,0,0.0,752,611,0,3,0,1,0,5,1,y
@andrew_bogg,0,0.0,751,1148,2,1,1,1,0,6,3,y
@AverageAnonMiss,3,0.1875,747,344,0,14,0,0,0,0,4,n
@MattmMurdockDD,4,0.26666666666666666,747,1411,0,11,0,0,0,19,0,y
@iamsarahfix,0,0.0,746,312,0,1,0,0,1,0,1,n
@4angel4ever88,0,0.0,746,323,4,4,3,1,0,3,5,n
@johnhan79583770,0,0.0,746,643,0,5,0,0,0,3,0,y
@HSam_Christina,3,0.2,745,1709,0,11,0,0,0,7,0,y
@Gravydog316,1,0.08333333333333333,743,1214,0,2,0,0,1,0,5,n
@Ironcladirish,1,0.07142857142857142,743,722,0,22,0,0,0,20,3,y
@JustJaneUK,4,0.36363636363636365,742,628,0,13,0,1,0,16,1,y
@jobfindlynur,0,0.0,742,4831,1,2,0,0,0,3,6,n
@TheBabyfriend,2,0.14285714285714285,741,774,0,13,0,0,0,11,1,y
@WeekndsNear,2,0.16666666666666666,739,1251,0,1,0,1,1,1,4,n
@DiAngelina917,2,0.14285714285714285,739,1208,2,3,1,0,0,9,4,y
@RMartine_White,3,0.2,738,2010,0,17,0,0,0,10,0,y
@shimmer_angel,0,0.0,737,782,0,4,0,0,0,5,0,y
@citicorpgroup,0,0.0,734,1948,0,9,0,0,0,1,13,n
@rubyredlips78,0,0.0,733,1977,0,5,0,1,0,10,0,y
@ForeverKaee_,2,0.15384615384615385,730,538,0,1,0,0,0,0,2,n
@tseracing1,0,0.0,728,1290,1,10,2,1,0,11,0,y
@mommybrief,0,0.0,728,1242,0,16,0,0,0,13,0,y
@PostGridNovel,3,0.21428571428571427,728,2029,2,7,1,0,0,2,9,n
@Mlp_kiwipunch,1,0.07142857142857142,728,381,2,0,0,0,0,2,7,n
@Parkin25Marie,2,0.14285714285714285,726,567,2,1,0,0,0,9,2,y
@NaturallyGreer,2,0.13333333333333333,725,916,0,4,0,1,0,7,1,y
@Sarah_ALICE13,6,0.42857142857142855,725,1445,0,6,0,2,0,4,1,y
@forhananim1,0,0.0,723,1123,0,0,0,1,0,3,1,y
@gessellmel,0,0.0,722,961,0,9,0,2,1,10,1,y
@nickyNY722,2,0.18181818181818182,722,2064,0,4,0,0,0,4,0,y
@KellySaynor,2,0.16666666666666666,721,983,0,12,0,0,0,10,1,y
@CanadianNursey,2,0.13333333333333333,717,1132,0,0,0,1,0,9,0,y
@CarterTreacle,2,0.14285714285714285,715,476,3,4,2,0,1,11,2,y
@Dhealthynfitu,1,0.07142857142857142,715,1933,0,2,0,1,0,1,0,y
@MaradonaAndre1,2,0.13333333333333333,715,2024,1,3,0,0,0,6,0,y
@GLekovi,2,0.25,714,1984,1,0,1,0,1,3,1,n
@ksherfield1,0,0.0,714,1015,5,3,3,1,0,12,6,y
@vickymay55,0,0.0,713,880,0,1,0,0,0,7,4,y
@mbatm2009,0,0.0,712,1658,0,14,0,0,0,14,2,y
@S_Allsop81,2,0.18181818181818182,711,1371,2,3,1,0,0,14,1,y
@greentreelcl60,0,0.0,711,1858,0,0,0,0,0,0,0,y
@_eshaaaaaa,0,0.0,710,899,0,3,0,0,0,0,1,n
@bethhsophia,0,0.0,709,355,3,0,2,0,0,4,5,n
@HepCBristol,3,0.25,708,696,0,10,0,0,0,11,1,y
@Nurse_Muscles,2,0.14285714285714285,707,3376,0,15,0,0,0,10,0,y
@protonixpusher,0,0.0,705,96,4,1,2,0,0,7,0,y
@fymyquryqupo,0,0.0,705,1020,2,0,1,2,0,4,1,y
@liveessential1,0,0.0,704,3654,0,16,0,0,0,9,1,y
@_ivanaglez,0,0.0,703,734,1,4,1,0,0,8,0,y
@LouiseGeraghty5,2,0.125,703,1777,0,9,0,0,0,13,2,y
@musicalbxnes,0,0.0,702,2205,0,3,0,0,1,1,6,n
@JoannaDib2,2,0.18181818181818182,701,861,3,1,2,0,0,3,0,n
@OnlyTay_,2,0.2222222222222222,695,693,0,10,0,0,0,0,7,n
@VondaMiller17,2,0.14285714285714285,692,1672,0,7,1,0,0,5,0,y
@THEBitchlnHeels,5,0.3125,691,57,2,1,0,0,1,2,2,n
@CatherineHeigl,2,0.13333333333333333,691,187,0,0,0,0,0,0,0,y
@radenrayanralyn,0,0.0,691,1226,0,1,0,0,0,4,0,y
@FuckinGorgeous3,2,0.125,690,1124,0,9,0,0,0,0,4,n
@skynyrdinards,0,0.0,689,998,0,15,0,0,0,9,3,y
@wardamn_rn,0,0.0,685,577,3,4,1,1,0,10,2,y
@blosxom_,0,0.0,683,625,1,6,0,0,0,6,14,n
@MarinaBlack99,2,0.14285714285714285,682,308,0,12,0,0,0,13,1,y
@BirthTraumaOz,3,0.21428571428571427,679,1145,0,11,0,2,1,12,3,y
@RightSpirit57,2,0.14285714285714285,679,1667,1,7,1,1,0,6,0,y
@encoretelemed,0,0.0,679,676,1,3,0,0,0,5,1,y
@nursedolnick,0,0.0,676,2779,1,9,1,0,0,7,1,y
@wozapapulub,0,0.0,675,810,1,2,1,0,1,0,4,n
@sthabile_pkt,0,0.0,674,952,7,6,4,0,0,13,0,y
@AL2Meta0,3,0.3333333333333333,674,731,5,6,4,0,0,12,5,y
@boobsnsass,0,0.0,673,335,0,2,0,1,0,2,1,y
@NJScosmetics,3,0.23076923076923078,672,1092,1,1,0,0,0,13,0,y
@nurseslaughing,0,0.0,672,799,3,4,1,1,0,9,0,y
@BiSlutshy,2,0.2,672,871,0,2,0,0,0,10,2,y
@Katy_lamb_2,1,0.08333333333333333,672,491,0,12,0,0,0,8,1,y
@i_mmk0107,0,0.0,672,558,0,1,0,0,0,1,0,y
@Calamity_Jayne_,2,0.125,671,655,2,11,1,1,0,9,0,y
@zachdrew4,0,0.0,670,1547,0,6,0,0,1,0,4,n
@HaileyChristy,2,0.14285714285714285,669,1521,1,0,0,0,0,9,1,y
@keepnupwitclaud,0,0.0,669,485,0,5,0,0,0,4,0,y
@anne_slam,0,0.0,668,1738,2,4,0,2,2,13,1,y
@JeremyWBrown01,3,0.2,668,2553,1,14,1,0,0,1,5,n
@sinead_mehigan,0,0.0,668,778,1,1,0,3,0,2,1,y
@lulu_twitch,0,0.0,668,254,1,16,1,1,0,14,2,y
@jaz_zayy,0,0.0,663,483,0,0,0,0,1,0,1,n
@gracejclarke,0,0.0,659,340,2,5,1,2,0,8,1,y
@jess_x91,0,0.0,659,1520,0,0,0,0,1,0,0,n
@enasharp52,0,0.0,659,767,0,4,0,0,0,7,1,y
@BBC_BJ86,5,0.5555555555555556,657,29,0,8,0,1,0,6,0,y
@BenitoKristen,2,0.14285714285714285,656,473,0,3,0,0,0,1,3,n
@ian_ianrbruce1,0,0.0,656,843,2,0,0,3,1,5,1,y
@b0740db96d86409,0,0.0,655,1975,2,4,1,1,0,3,5,n
@NursesRoar,2,0.18181818181818182,655,726,2,1,0,1,1,7,2,y
@RedWhiteDrink,3,0.21428571428571427,653,914,0,4,0,0,0,2,0,y
@HockeyGirlWendy,3,0.1875,653,689,0,3,0,0,0,6,0,y
@DaviesGill14,2,0.15384615384615385,652,1463,1,5,0,3,1,9,2,y
@BensonDeja,2,0.18181818181818182,652,1182,0,7,0,0,0,2,1,n
@SassySNProbs,4,0.3076923076923077,652,318,1,0,0,1,0,2,2,n
@Punc14Zena,2,0.18181818181818182,651,1473,0,7,0,0,0,2,7,n
@anamargame,0,0.0,651,1215,3,2,3,0,0,9,2,y
@TracyCarrillo15,2,0.125,650,1229,0,6,0,0,0,2,2,y
@gaoutlander,0,0.0,650,344,0,5,0,0,0,3,0,y
@babe_nurse,0,0.0,649,616,0,6,0,0,0,5,0,y
@suftgifsin,0,0.0,649,450,0,8,0,0,0,1,4,n
@meiramiyuPACOS,5,0.3333333333333333,649,179,0,0,0,0,0,0,6,n
@MariaCarb65,2,0.16666666666666666,648,689,0,10,0,0,0,6,0,y
@marathonmatron,0,0.0,646,1026,2,9,1,1,0,8,1,y
@ElinaWhitsett,2,0.14285714285714285,643,1964,0,13,0,0,0,12,1,y
@RA_Kitty21,3,0.2727272727272727,643,458,0,5,0,0,0,4,0,y
@GraciousHealer,2,0.13333333333333333,643,271,1,12,0,0,0,8,1,y
@dallaswhitesky,0,0.0,641,1119,2,2,1,1,1,1,4,n
@TheVetNurseJnl,4,0.26666666666666666,641,945,0,4,0,0,0,3,4,n
@nursec1994,0,0.0,640,414,0,6,0,0,0,2,0,y
@fazel2015,0,0.0,639,995,0,0,0,0,0,0,0,y
@RNNightlife,3,0.25,638,1121,3,7,1,0,0,11,1,y
@SweetHeartAd,3,0.23076923076923078,637,672,1,2,1,2,1,4,10,n
@Shabrina_lfc,1,0.07692307692307693,635,579,0,6,0,1,0,8,0,y
@johnjhayzie,0,0.0,635,1625,3,1,2,0,0,3,2,n
@VALEITE259,7,0.6363636363636364,635,778,1,7,1,0,0,15,2,y
@kidsheroseries,0,0.0,635,425,0,17,0,0,0,9,3,y
@evergreenxqueen,0,0.0,634,567,0,15,0,0,0,1,4,n
@Nannette6988,1,0.07692307692307693,633,654,2,1,0,3,0,7,1,y
@PristinHomecare,2,0.125,633,700,0,5,0,0,0,5,9,n
@Sassypsycho53,1,0.07142857142857142,633,1478,3,4,1,0,1,3,7,n
@saigebartel,0,0.0,632,414,1,11,0,1,0,12,1,y
@tastylacie,0,0.0,629,751,0,4,0,0,0,2,3,n
@Healing_Nurse,2,0.14285714285714285,629,179,3,0,2,1,0,6,0,y
@ChiefNurseNUH,5,0.35714285714285715,628,52,0,0,0,0,0,0,0,y
@traceyhardy789,0,0.0,626,952,0,3,0,0,0,5,2,y
@fitnurse2014,0,0.0,626,1291,0,0,0,1,0,4,2,y
@cutejany,0,0.0,625,493,0,3,0,0,0,0,4,n
@PJBeachey,3,0.3,624,1022,1,7,0,0,0,8,1,y
@StraightANurse,3,0.2,624,171,0,6,0,0,0,2,5,n
@sarahgenove24,0,0.0,623,356,0,7,0,1,0,5,1,y
@alexandra_mh3,0,0.0,622,1823,0,3,0,0,0,1,0,n
@xoxomissjess,0,0.0,622,363,0,2,0,0,0,2,2,n
@MaryJanePP1,4,0.3333333333333333,622,186,0,6,0,0,0,6,1,y
@SpottedTiger,2,0.15384615384615385,621,832,0,16,0,0,0,10,0,y
@livinglyf12,0,0.0,621,1705,1,1,1,0,0,5,1,y
@AdriannaBlaise,2,0.13333333333333333,620,1693,5,0,4,0,0,9,0,y
@NurseResidency,2,0.13333333333333333,620,6,3,0,2,0,0,3,0,n
@JonScattergood,2,0.13333333333333333,620,801,4,4,2,2,0,4,3,y
@MissMaldanoxo,2,0.14285714285714285,620,984,2,5,2,1,0,9,1,y
@lauraevelynbee,0,0.0,619,511,1,1,0,2,1,6,1,y
@enRICHment__,4,0.3076923076923077,618,829,1,5,0,0,0,4,8,n
@KCLSU_vpeh,5,0.45454545454545453,617,465,1,8,0,1,0,4,2,y
@Ald0willl,1,0.1,617,2078,0,0,0,0,0,9,2,y
@nurse_chatter,0,0.0,616,1990,0,2,0,0,0,2,1,y
@RSCH_RespNurses,6,0.375,615,384,2,3,0,0,0,9,1,y
@LifeAsWeNurseIt,5,0.3125,612,289,2,2,0,0,0,7,2,y
@sexayy__,0,0.0,611,756,0,0,0,0,2,0,2,n
@iloveon84000179,0,0.0,611,1883,3,2,0,3,0,0,5,n
@Chritty77,1,0.1,611,1108,2,0,0,4,0,6,1,y
@Hell_Kitten4,2,0.15384615384615385,611,1476,2,6,0,3,0,4,1,y
@moniquehenry15,0,0.0,611,522,0,16,0,0,0,14,0,y
@BOwensRN89,4,0.36363636363636365,611,1964,0,11,0,0,0,8,1,y
@ameliamaryx,0,0.0,610,435,0,12,0,0,0,1,2,n
@dadahamac,0,0.0,609,1065,0,0,0,0,0,9,0,y
@SaraBaduria,2,0.16666666666666666,609,636,0,19,0,1,0,5,2,y
@meanimemean,0,0.0,608,105,0,1,0,0,0,2,0,y
@ChrystineShaw,2,0.14285714285714285,608,1963,6,1,3,2,0,10,4,y
@nurse4lyf73,0,0.0,608,2454,4,4,2,0,0,13,1,y
@tanasia_thomas,0,0.0,605,568,0,11,0,0,0,5,2,y
@madrigaljulian2,0,0.0,605,681,0,0,0,0,0,0,0,y
@andrenigel07,0,0.0,603,1440,0,5,0,0,0,8,0,y
@TheGayNurse_,3,0.23076923076923078,601,158,2,4,2,0,0,5,0,y
@CaseyDumont,2,0.16666666666666666,600,214,0,8,0,0,0,6,1,y
@zenkristel,0,0.0,600,1495,0,5,0,0,0,2,0,y
@Onlii4aBoss,2,0.16666666666666666,600,1059,1,5,0,0,0,4,0,y
@jaxiebella,0,0.0,600,578,0,17,0,0,0,4,7,n
@LilIowaGirl,3,0.25,600,460,0,7,0,1,0,1,8,n
@roninicolee,0,0.0,600,448,1,2,1,0,1,3,7,n
@Tr2ck_Baby,2,0.18181818181818182,599,894,0,7,0,0,0,1,4,n
@screvmom,0,0.0,599,1661,0,4,0,0,0,1,0,y
@BawseySnob_,2,0.16666666666666666,596,365,0,1,0,0,0,0,3,n
@sarahjaynewrts,0,0.0,596,735,2,1,1,1,0,5,4,y
@RinascitaVitaYT,4,0.25,596,824,2,6,1,1,0,3,9,n
@davinashacklet2,0,0.0,595,972,0,5,0,0,1,8,1,y
@KarkiAachal,2,0.16666666666666666,593,1011,3,3,3,0,0,10,0,y
@iamloolaloo,0,0.0,592,1991,0,4,0,1,0,0,2,n
@RNDeandreBASS,7,0.5,592,909,1,9,1,1,0,8,1,y
@artgrljan,0,0.0,591,2151,1,4,0,0,0,10,2,y
@stanner1025,0,0.0,590,1164,0,3,0,1,0,11,1,y
@intanshafenaa,0,0.0,588,561,0,8,0,0,0,0,4,n
@nursebromo1,0,0.0,588,699,1,8,1,0,0,5,0,y
@Breathless_Bird,2,0.125,587,242,1,3,0,0,0,15,2,y
@studentnurse16,0,0.0,587,1075,0,0,0,2,3,3,5,n
@jakol6969,0,0.0,586,627,2,5,1,0,1,2,6,n
@rad_elizabeth,0,0.0,585,268,2,9,2,0,0,10,1,y
@WhiteBBCSlut,5,0.38461538461538464,585,140,5,7,3,1,0,5,11,n
@Nursenance9,1,0.08333333333333333,584,466,1,0,0,1,0,4,6,n
@keiraaaaa__,0,0.0,583,527,0,0,0,0,0,0,0,n
@MelanieMallari4,2,0.125,583,1101,0,7,0,1,0,3,0,y
@WieseSylvia,2,0.16666666666666666,582,837,1,3,0,0,0,12,1,y
@Susan_Mktg,2,0.18181818181818182,582,1072,1,1,0,2,1,5,7,n
@SweetJesusGirls,3,0.1875,582,771,0,4,0,1,0,4,1,y
@MHWarriorUK,5,0.4166666666666667,581,647,0,11,0,0,0,11,1,y
@nicolelimqueHP,2,0.13333333333333333,580,332,0,0,0,0,0,2,0,y
@CalMidwives,2,0.16666666666666666,578,687,0,8,0,0,0,3,7,n
@hellonursemed,0,0.0,578,591,1,0,0,0,0,0,12,n
@lilly_lovin,0,0.0,578,1207,1,8,0,1,0,2,3,n
@a_alexis21,0,0.0,577,1192,0,3,0,0,0,4,1,y
@northwestwife,0,0.0,577,516,2,3,1,3,1,1,4,n
@LisaAnnSpringer,3,0.1875,576,490,0,3,0,0,0,15,2,y
@iamsuper_emak,0,0.0,576,399,0,3,0,0,0,4,1,y
@sassylauRN,2,0.18181818181818182,575,400,3,1,1,0,1,7,3,n
@HeyyNurse,2,0.2,575,52,0,2,0,0,0,3,0,y
@bowsandpearls12,0,0.0,575,239,2,0,1,0,1,0,4,n
@Marrri_oxo,1,0.09090909090909091,575,514,1,1,0,0,1,2,8,n
@SarahH81x,2,0.2,575,1224,2,0,2,0,0,3,1,y
@pds111183,0,0.0,575,752,0,1,0,3,0,4,0,y
@ItsChapmann,2,0.16666666666666666,574,953,0,5,0,0,0,0,3,n
@Doit4thebootyy,1,0.06666666666666667,573,748,0,4,0,0,0,4,0,y
@maymarjorienilo,0,0.0,571,150,0,0,0,0,0,1,0,y
@Prolifefriend,1,0.07142857142857142,571,1347,0,8,0,0,0,8,1,y
@KarmaNursing,2,0.15384615384615385,571,271,4,2,2,0,0,5,9,n
@babydollRICH_,4,0.2857142857142857,570,1257,2,0,2,0,1,3,3,n
@gmaildotorg,0,0.0,567,1845,0,4,0,1,0,13,1,y
@Alida_Franches,2,0.13333333333333333,564,849,0,3,0,0,0,0,3,n
@FeelinMeJonzey,3,0.2,563,1273,0,6,0,0,0,0,4,n
@LeahMichelle301,2,0.125,563,501,1,8,0,1,0,3,7,n
@CatGobeil,2,0.2,563,59,1,5,0,0,0,2,10,n
@SThijzen,2,0.2222222222222222,562,1862,0,3,0,0,0,3,0,y
@Nursingmoments,1,0.06666666666666667,562,877,2,0,0,1,0,11,2,y
@CannaHeatheRN,4,0.2857142857142857,561,629,0,0,0,0,0,0,0,y
@lexie1487,0,0.0,561,2079,6,6,6,0,0,6,8,n
@celinebeaut1,0,0.0,561,820,1,3,1,0,0,6,0,y
@maggieclarkelpt,0,0.0,558,265,0,7,0,0,0,9,2,y
@AnnaKrosp,2,0.2,557,1784,4,2,2,1,0,4,0,y
@bearcunningham,0,0.0,557,149,0,6,0,0,0,5,0,y
@HeadRNColumbia,4,0.26666666666666666,557,386,2,10,1,2,0,11,2,y
@LewdVaporeon,2,0.15384615384615385,556,285,4,4,4,1,0,3,6,n
@nursehumor_,0,0.0,556,523,0,0,0,0,0,0,0,y
@kath_leech,0,0.0,555,781,1,15,1,0,0,15,0,y
@helenllowe,0,0.0,553,1316,0,6,0,0,0,12,1,y
@_Max_Walker,2,0.16666666666666666,552,380,0,4,0,0,0,1,3,n
@nurselife_,0,0.0,551,161,0,1,0,0,0,8,2,y
@tim_oconn,0,0.0,551,2124,2,1,1,0,0,10,1,y
@CourtneyShante1,2,0.125,549,1077,0,0,0,0,1,1,2,n
@EmpowHerHealth,3,0.2,548,1058,0,15,0,0,0,9,1,y
@Jam3sPJ,3,0.375,547,553,1,10,0,1,0,9,1,y
@brooklinbeautyy,0,0.0,547,916,0,0,0,0,1,0,0,n
@healthyfit_sea,0,0.0,545,490,1,4,0,1,0,7,3,y
@NurseBloodyVal,3,0.2,545,403,1,8,1,0,0,13,0,y
@Billy9711,1,0.1,544,1012,4,2,1,0,0,10,4,y
@USArmyGrlfriend,4,0.25,544,289,1,11,0,1,0,1,7,n
@KatherineVgt,2,0.15384615384615385,544,1123,2,3,1,1,0,7,1,y
@Menphysc2gether,1,0.0625,543,1965,0,6,0,0,0,4,0,y
@bigsisterhouse,0,0.0,542,954,1,15,1,0,0,13,1,y
@alittlelondoner,0,0.0,542,480,1,4,0,1,0,6,1,y
@ShoulderTo,2,0.18181818181818182,542,938,4,2,2,2,0,11,2,y
@KaitlynnMadden,2,0.13333333333333333,542,1655,3,7,3,0,0,6,6,n
@wilvz04,0,0.0,541,743,1,14,1,0,0,11,3,y
@HugYourNurses,3,0.21428571428571427,540,530,0,0,0,0,0,0,0,n
@NeuvooNurSD,4,0.3333333333333333,540,1602,2,2,0,0,0,1,9,n
@nada_sani,0,0.0,539,1245,1,7,1,0,0,0,6,n
@XXXkendraCam,4,0.3076923076923077,539,1427,1,1,1,0,0,2,5,n
@AngiyMichael22,2,0.13333333333333333,538,1642,1,7,0,1,0,10,2,y
@hsmounce,0,0.0,538,1747,0,1,0,1,0,1,1,y
@Lori_Slocum,2,0.16666666666666666,538,384,0,4,0,0,0,4,0,y
@JEAJobs,4,0.5,537,817,0,11,0,0,0,1,5,n
@maryelang,0,0.0,537,750,1,0,1,1,0,2,1,y
@DavidAinsNHS,5,0.38461538461538464,537,448,1,9,0,1,0,9,3,y
@eman4salah1992,0,0.0,537,718,0,2,0,0,0,4,0,y
@RamonaSuperfici,2,0.125,536,1142,0,1,0,2,0,6,1,y
@GeorgianMess,2,0.15384615384615385,536,127,0,1,0,1,0,0,2,n
@_bbrreeee_,0,0.0,536,394,0,2,0,1,1,3,0,y
@naturalserendi3,0,0.0,536,789,0,0,0,0,0,2,0,y
@Leslie_Blount,2,0.14285714285714285,534,1055,2,6,2,3,0,8,2,y
@Alyssa122690,1,0.07692307692307693,532,1504,0,3,0,0,0,3,1,y
@coleleigh3000,0,0.0,532,1016,0,1,0,2,1,2,4,n
@cherhubsher,0,0.0,530,651,0,10,0,0,0,11,0,y
@renurture,0,0.0,530,1709,0,2,0,0,0,2,0,y
@ccnairforce,0,0.0,530,964,2,5,1,1,0,12,1,y
@knifehat1,0,0.0,529,1784,2,9,0,1,0,14,2,y
@surabooks,0,0.0,529,500,1,2,0,0,0,1,14,n
@Anna_m_Edwards,2,0.13333333333333333,528,768,0,4,0,0,0,3,10,n
@seethenp,0,0.0,527,148,1,4,0,0,0,4,4,n
@RnToday1,2,0.2222222222222222,527,2093,0,13,0,0,0,4,4,n
@nagsusa,0,0.0,527,1561,0,10,0,0,0,3,6,n
@janbhess,0,0.0,526,783,1,5,0,1,1,10,2,y
@gala_crna,0,0.0,526,534,1,4,1,0,0,3,7,n
@EDnurserants,2,0.15384615384615385,526,723,0,1,0,0,0,1,2,n
@__oohNaNa,2,0.2,525,461,0,1,0,0,1,1,1,n
@Ludy_Asher,2,0.18181818181818182,525,1637,0,12,0,0,0,9,0,y
@JaysGordon,2,0.18181818181818182,524,1338,0,16,0,0,0,13,0,y
@no1offers_tees,0,0.0,524,1998,1,1,0,0,0,6,3,n
@thatloudRN,2,0.18181818181818182,523,314,4,7,3,0,0,10,2,y
@henry33tan,0,0.0,523,40,4,2,2,0,0,11,1,y
@NecrotizinFlesh,2,0.125,522,1833,0,12,0,0,0,4,11,n
@BlockTherapyRN,4,0.26666666666666666,522,1035,1,9,0,0,0,8,1,y
@TheHappyFatKid,4,0.26666666666666666,521,254,0,7,0,0,0,7,1,y
@thorntongillia1,0,0.0,521,1017,0,5,0,1,0,6,1,y
@TeamCarliNorris,3,0.1875,521,7,0,11,0,0,1,2,14,n
@ThatPedsMurse,3,0.21428571428571427,521,637,4,0,3,2,0,3,12,n
@melkaterupp,0,0.0,520,721,4,9,2,1,1,10,0,y
@ReeemAlharthi,2,0.14285714285714285,520,541,5,3,3,0,0,8,4,y
@CarleeGrantham,2,0.13333333333333333,520,1133,0,13,0,3,0,6,6,n
@KittenishChan,2,0.14285714285714285,519,2,2,1,0,0,0,2,6,n
@BREADSTIXRYUM,13,0.9285714285714286,519,768,2,2,2,0,0,6,5,n
@NNUBonnie,4,0.4,519,749,2,8,1,1,0,11,0,y
@nursecierra,0,0.0,519,1509,1,7,0,1,0,3,6,n
@LeMesaSStMary1,5,0.3333333333333333,518,665,0,6,1,0,0,8,0,y
@cloverleafchron,0,0.0,517,751,1,1,0,1,0,9,3,y
@claire_ALN,3,0.2727272727272727,517,1176,0,7,0,0,0,6,0,y
@tim_redchupka,0,0.0,517,1166,0,0,0,0,0,2,7,n
@SassyAle_XO,4,0.3333333333333333,516,1720,1,13,0,1,0,2,4,n
@wadznapuntukan,0,0.0,515,433,0,0,0,0,1,2,2,n
@stanwhitt1,0,0.0,514,857,0,9,0,0,0,4,0,y
@OhGoshIts_Tash,4,0.26666666666666666,512,603,1,0,1,0,1,3,2,n
@bethiyotte,0,0.0,512,456,0,9,0,0,0,0,1,n
@MerDer_obsessed,2,0.125,512,459,1,3,1,0,0,7,1,y
@KMcchord,2,0.2222222222222222,511,834,0,8,0,0,0,14,0,y
@OHSnursezoe,3,0.25,510,700,0,4,0,1,0,13,0,y
@jonnybaldy,0,0.0,510,1153,1,11,0,1,0,12,2,y
@cindy_masindis,0,0.0,507,1898,2,5,2,0,0,7,0,y
@tommoME78,2,0.2,507,95,3,1,2,0,0,4,12,n
@Seanlicious25,1,0.07142857142857142,506,505,0,2,0,0,0,2,0,y
@nourelhodasala1,0,0.0,504,1139,0,2,0,0,0,4,0,y
@Adebisi326,1,0.09090909090909091,504,1535,0,12,0,0,0,8,2,y
@Graciana91,1,0.09090909090909091,503,1218,2,9,1,0,0,4,3,n
@GabsBalka,2,0.2,502,605,1,5,0,2,1,2,2,y
@cpchamakalayil,0,0.0,502,1866,0,5,0,0,0,2,5,n
@http__mariah,0,0.0,502,574,0,2,0,0,0,0,2,n
@BetaDerHale,3,0.25,501,860,0,20,0,0,0,8,0,y
@lm_mays,0,0.0,500,692,0,4,0,0,0,0,3,n
@fangirl_reedus,0,0.0,500,872,2,8,0,0,0,12,4,y
@iirishx,0,0.0,499,277,3,0,1,1,0,5,2,n
@Auntbean09Jill,2,0.13333333333333333,499,214,0,8,0,1,0,7,0,y
@TaralynRJohnson,3,0.1875,497,494,0,6,0,1,0,7,2,y
@mightynursemeg,0,0.0,497,492,3,3,1,2,0,2,3,n
@hallleslie54,0,0.0,497,859,0,14,0,0,0,13,0,y
@TnMurse,2,0.25,496,372,1,5,1,2,1,2,6,n
@Marz_614,1,0.1111111111111111,495,844,0,0,0,0,1,0,1,n
@ER_Nurse_Diva,4,0.2857142857142857,495,263,1,2,0,0,0,5,0,y
@BandBbyAnna,3,0.25,494,944,1,8,0,0,0,14,0,y
@cathy_moore__,0,0.0,494,2705,6,5,3,2,0,12,3,y
@hill_karenhill3,0,0.0,493,673,1,1,0,1,0,3,4,y
@crash_n2me,0,0.0,493,1719,0,12,0,1,0,10,1,y
@EwayyBrown,2,0.18181818181818182,493,1567,2,5,1,2,0,2,2,n
@AlisonLuckham,2,0.14285714285714285,492,330,0,7,0,1,0,8,2,y
@proud2byounique,0,0.0,492,716,0,2,0,1,0,4,0,y
@LongLostStark,3,0.21428571428571427,492,981,0,5,0,0,0,9,1,y
@SalliPilcherNHS,5,0.3125,491,718,1,12,0,1,0,14,1,y
@zandilez636,0,0.0,491,1404,0,0,0,0,0,8,4,y
@leaskalechip,0,0.0,490,732,2,3,1,0,0,3,10,n
@CelineFanpage,2,0.14285714285714285,489,498,1,6,1,0,0,1,8,n
@Satalightdish,1,0.07142857142857142,488,1533,0,1,0,1,1,6,6,n
@audreyringrose,0,0.0,487,444,0,16,0,0,0,4,9,n
@ranieldale,0,0.0,487,205,0,5,0,0,0,3,1,y
@MothersNatureMA,4,0.25,486,2005,0,9,0,0,0,1,6,n
@UANurseResearch,4,0.25,485,300,0,5,0,0,0,1,2,n
@stephanienettl2,0,0.0,484,1182,1,9,0,1,0,2,2,y
@wynter_simone,0,0.0,484,854,0,0,0,0,0,2,0,y
@mjafari47,0,0.0,482,465,0,0,0,0,0,6,0,y
@DreeaaaJ,2,0.2222222222222222,482,439,1,5,1,0,0,8,1,y
@roniefhelapsay1,0,0.0,481,535,2,6,1,1,0,7,1,y
@SierraRex,2,0.2,481,259,0,2,0,0,0,0,1,n
@RandiWoodford,2,0.14285714285714285,479,324,3,7,2,0,0,13,1,y
@e6c4a9e9889d40a,0,0.0,479,743,0,3,0,2,0,15,1,y
@ashleyrenee_6,0,0.0,478,468,0,3,0,0,0,1,3,n
@SpexyLexi,2,0.2,476,1017,0,1,0,0,0,2,5,n
@Strictly_Zoe,2,0.15384615384615385,476,50,0,7,0,0,0,2,1,y
@falroubaiai,0,0.0,475,1271,1,15,0,1,0,6,1,y
@drjendoering,0,0.0,475,1259,1,4,0,0,0,8,1,y
@soccerguy1515,0,0.0,473,1246,0,5,0,0,0,4,0,y
@Tyde_1,1,0.14285714285714285,472,30,4,1,2,2,0,12,0,y
@MelaniesFiber,2,0.14285714285714285,471,903,3,3,1,1,0,9,3,y
@Guardian_Lily,2,0.14285714285714285,469,181,2,6,0,1,1,9,1,y
@whitegirl4eva02,0,0.0,469,801,0,3,0,0,1,1,1,n
@TheMindNurse,3,0.23076923076923078,469,1673,4,3,2,0,0,11,2,y
@AllAboard1991,2,0.14285714285714285,469,790,0,8,0,3,0,5,8,n
@LindaMannsLinne,3,0.1875,468,2632,2,0,1,1,0,4,0,y
@salazar121378,0,0.0,468,1184,0,7,0,0,0,3,0,y
@serri_b,0,0.0,467,459,3,4,1,0,0,13,5,y
@RNalways4ever,2,0.14285714285714285,467,1521,0,1,0,3,1,9,0,y
@SarahBurton1983,2,0.125,467,381,1,1,0,3,2,11,1,y
@EthanTaj11,2,0.18181818181818182,466,688,2,3,1,0,0,10,2,y
@julia_towns,0,0.0,466,452,1,6,0,0,0,9,1,y
@aaronburkholde4,0,0.0,466,1642,9,3,3,3,0,4,11,n
@AmbriaBone,2,0.18181818181818182,466,1406,3,0,2,3,0,6,4,n
@Juulyeeen,1,0.1,465,320,0,0,0,0,1,0,2,n
@jrobbzz,0,0.0,465,359,0,0,0,0,1,0,1,n
@shellieboo364,0,0.0,464,488,0,11,0,0,0,12,1,y
@CDesRock88,3,0.2727272727272727,463,700,6,6,4,0,0,14,1,y
@Quin_Marek,2,0.18181818181818182,463,332,2,2,0,1,1,1,3,n
@MariamSimpal,2,0.15384615384615385,463,1302,0,4,0,0,2,1,7,n
@2dogsplusbaby,0,0.0,463,612,0,4,0,1,0,10,0,y
@knifton2,0,0.0,463,936,1,4,0,2,0,11,1,y
@Harrietilistic,1,0.06666666666666667,462,300,0,0,0,0,0,0,0,n
@KristyTheresa,2,0.14285714285714285,462,1424,1,1,0,0,0,6,1,y
@breedaniellexo,0,0.0,461,1326,2,10,2,0,0,2,10,n
@Rad_Aesthetics,2,0.13333333333333333,461,1784,0,11,0,0,0,11,0,y
@rachel_dumais,0,0.0,460,728,0,8,0,0,0,3,0,y
@LizAllibone,2,0.16666666666666666,460,476,0,8,0,0,0,15,4,y
@KathleenDolphin,2,0.125,460,724,0,13,0,0,0,9,1,y
@montrubytea,0,0.0,460,1084,1,2,1,0,0,3,8,n
@Ohh_Nailah,2,0.18181818181818182,458,444,2,4,0,0,0,1,3,n
@CutelyPuff,2,0.18181818181818182,458,721,3,7,3,0,0,2,10,n
@S3Solutions4U,3,0.21428571428571427,457,960,0,16,0,0,0,2,14,n
@ashaaaa_b,0,0.0,457,510,0,3,0,0,0,0,1,n
@pokecon_bot,0,0.0,457,1,0,6,0,0,0,2,9,n
@lyric4596_lyric,0,0.0,456,479,0,4,0,0,0,0,3,n
@lewdnurseslut,0,0.0,455,320,3,2,2,0,0,5,4,n
@bellaaawilson,0,0.0,455,994,1,2,0,0,0,1,5,n
@shirley27jones,0,0.0,454,855,0,3,0,0,0,4,1,y
@nightingaleink,0,0.0,453,558,5,3,3,2,0,12,6,y
@CorpDominatrix,2,0.13333333333333333,452,394,1,8,0,0,0,12,0,y
@ThaaatsSoRaven,3,0.2,452,298,4,1,2,0,0,3,3,n
@QOL4olderadults,3,0.1875,452,781,1,3,0,1,0,11,1,y
@christineloffer,0,0.0,452,1194,1,1,0,0,0,2,1,y
@mamma_life,0,0.0,450,439,2,9,1,1,0,1,2,y
@ellehcim1Dluv,1,0.07142857142857142,450,890,2,10,0,1,0,4,2,y
@Crazyformascara,1,0.0625,449,1984,1,2,1,2,0,6,2,y
@brieannabee,0,0.0,449,862,0,1,0,0,1,2,0,y
@HBarnesPhD,4,0.36363636363636365,448,629,0,10,0,0,0,3,2,y
@TheFuriousNurse,3,0.1875,447,422,4,1,2,0,0,2,1,n
@mwleonard64,0,0.0,447,1194,3,7,1,1,0,11,4,y
@abbie_tuffin,0,0.0,446,563,0,2,0,0,0,0,0,n
@Thank_A_Nurse,3,0.21428571428571427,446,765,2,1,1,0,0,4,1,n
@Davies74E,2,0.2,446,977,0,12,0,0,0,7,2,n
@MariniTika2,2,0.16666666666666666,446,1029,0,2,0,0,0,0,1,n
@LloydShaz,2,0.2,445,636,3,0,1,4,0,4,3,y
@O2BAGoonerUSA,7,0.5,445,531,1,19,1,0,0,4,0,y
@Nurse_RK,3,0.3333333333333333,443,617,0,12,0,0,0,5,3,y
@Indielnd,1,0.1111111111111111,442,440,0,2,0,0,0,2,0,n
@xxgeexx44,0,0.0,442,3637,0,0,0,0,0,1,1,y
@gungirlfungirl,0,0.0,441,1928,0,0,0,1,0,7,4,y
@callme_mechelle,0,0.0,440,411,0,0,0,0,1,0,0,n
@SolomonBarroa,2,0.14285714285714285,440,440,0,6,0,0,0,0,1,n
@KyLehman13,2,0.18181818181818182,440,486,2,0,0,4,0,5,1,y
@janice_laughlin,0,0.0,439,1170,0,2,0,0,0,1,1,y
@PJCracknellACC,6,0.4,438,1544,0,16,0,0,0,4,1,y
@anntew1,0,0.0,438,1085,1,0,0,2,0,4,0,y
@spicticus,0,0.0,438,956,1,4,0,0,0,0,0,y
@yahner_donrn,0,0.0,437,1280,0,13,0,0,0,6,1,y
@Xavieerr17,1,0.09090909090909091,437,485,0,2,0,0,0,0,0,n
@marlene7wwp,0,0.0,437,1141,0,5,0,0,0,1,0,y
@MaxLou7,2,0.25,437,1854,0,5,0,0,0,2,0,y
@tracyreek,0,0.0,436,763,0,10,0,0,0,5,1,y
@critic_tv_,0,0.0,436,2242,7,3,6,1,0,7,3,y
@MattersNursing,2,0.13333333333333333,436,1987,1,1,0,0,0,4,1,n
@XOsimplybri_,2,0.15384615384615385,435,521,0,0,0,0,0,0,0,n
@RealNurseLife,3,0.21428571428571427,435,658,0,0,0,0,0,0,0,n
@BoredMurse,2,0.18181818181818182,435,909,2,3,2,0,0,8,2,y
@sfrazee1,0,0.0,434,286,0,7,0,0,0,6,1,y
@AileenCollier15,2,0.125,433,845,2,2,0,1,1,5,2,y
@lanagraymills,0,0.0,433,429,0,1,0,0,0,4,0,n
@dyoung_97,0,0.0,433,704,0,4,0,0,0,2,0,n
@gosia_bal,0,0.0,433,536,0,5,0,0,0,0,2,y
@champaynelovely,0,0.0,432,450,2,6,1,0,0,7,1,n
@PackMamaMcCall,4,0.26666666666666666,431,155,2,6,0,0,0,7,5,y
@welcometofresno,0,0.0,431,2163,1,1,0,0,0,3,0,n
@nursediaryapp,0,0.0,429,1951,1,3,0,0,0,3,4,n
@nichellesaraii,0,0.0,429,366,1,9,1,0,0,4,2,n
@LahbabyBeenDown,3,0.1875,429,921,0,8,0,0,0,3,2,n
@xinempl,0,0.0,429,69,0,3,0,0,1,0,2,y
@Canadian_Camo22,2,0.125,429,615,0,1,0,2,0,0,2,y
@PerfectStar05,2,0.14285714285714285,427,204,0,12,0,0,0,5,1,y
@BohemiMARJ,5,0.45454545454545453,427,409,3,8,2,0,1,3,1,y
@Slavic_Wonder,2,0.14285714285714285,426,732,0,3,0,0,0,4,3,n
@kkat1118,0,0.0,425,510,2,3,0,1,1,9,0,y
@loren_jebb,0,0.0,424,213,0,0,0,0,0,0,1,y
@bandgeek52199,0,0.0,424,1049,0,3,0,1,0,4,1,y
@LindahWN,3,0.3333333333333333,423,573,1,6,1,2,1,10,2,y
@myriah_groth,0,0.0,423,1717,0,4,0,0,0,2,1,y
@Outlander_PR,3,0.23076923076923078,423,4,2,8,0,0,0,5,1,y
@AnneRoseEden,3,0.23076923076923078,422,817,0,2,0,0,0,4,3,n
@srnigliazzo,0,0.0,422,588,0,6,0,0,0,0,1,y
@jaguardacudao,0,0.0,422,387,0,4,0,0,0,0,0,y
@Grateful777aj,1,0.07142857142857142,422,595,2,12,0,0,0,3,3,y
@southERnMurse15,3,0.1875,422,123,2,1,2,0,0,5,1,y
@MariaCamila____,2,0.125,420,317,0,9,0,0,0,0,1,y
@koupepecom,0,0.0,420,493,0,2,0,0,0,5,2,n
@PrincessCait12,2,0.13333333333333333,419,576,0,3,0,0,0,1,0,n
@_alreadyamazing,0,0.0,419,398,3,4,1,0,0,5,2,n
@jsphjo_,0,0.0,419,568,0,0,0,0,1,0,0,n
@fragmentsmosaix,0,0.0,418,480,1,10,0,3,0,9,3,y
@pauldavidkenyon,0,0.0,418,997,0,6,0,0,0,3,0,n
@JoConnolly_,2,0.16666666666666666,417,527,1,6,0,1,0,4,3,y
@jordanleebowman,0,0.0,417,337,1,5,0,1,1,3,1,n
@Lsmorganjlm,1,0.08333333333333333,417,2070,1,0,0,2,0,1,1,y
@ProsCa_Nurse,3,0.23076923076923078,417,1838,1,4,0,1,0,3,2,y
@BrockbankJanet,2,0.13333333333333333,417,2309,0,3,0,0,0,4,2,y
@nurse_JayT,2,0.18181818181818182,417,929,0,2,0,0,0,0,0,y
@quadsandcamo,0,0.0,417,250,5,3,5,0,0,4,5,n
@weddedcastlefan,0,0.0,416,1020,0,13,0,1,0,6,1,y
@cik_mishiii,0,0.0,416,915,0,1,0,0,0,0,0,n
@t0mkurus,0,0.0,416,250,0,3,0,0,0,0,0,n
@C_McClutchie,3,0.23076923076923078,415,385,0,12,0,0,0,4,0,y
@misakimusic0822,0,0.0,415,1513,0,1,0,0,0,1,2,n
@TannerJHaas,3,0.25,414,382,1,2,1,0,0,1,2,n
@ClaraAndrews16,2,0.13333333333333333,413,1336,0,1,0,0,0,2,0,y
@aapaget,0,0.0,412,178,0,4,0,0,0,1,0,y
@kickypinky,0,0.0,412,790,1,14,1,0,0,1,0,n
@mary_titchener,0,0.0,412,1058,2,9,0,2,0,5,4,y
@NonyeSolomon,2,0.15384615384615385,412,412,1,2,0,4,0,6,1,y
@probs_nurse,0,0.0,411,0,4,1,1,1,1,5,2,n
@ElenaSgrey,2,0.18181818181818182,411,1936,1,3,0,0,1,5,3,y
@youniquemorgan,0,0.0,410,1254,0,6,0,1,0,6,1,y
@nicoleemariiexo,0,0.0,409,664,1,5,0,1,0,1,0,n
@Nurse_Daily,2,0.16666666666666666,409,653,0,6,0,0,0,4,1,n
@RealEstateofCFL,5,0.3125,408,708,1,9,0,0,0,6,0,y
@promisseee,0,0.0,407,261,0,7,0,0,1,2,0,n
@keegannmarah,0,0.0,407,235,3,1,3,1,0,3,2,n
@steve_grimbleby,0,0.0,405,523,2,12,2,1,0,7,1,y
@strongfitfab52,0,0.0,405,511,0,4,0,0,0,7,0,y
@ShunGlizzy,2,0.18181818181818182,404,321,2,3,1,0,0,8,0,y
