screen_name,upper_letter_count,upper_ratio,followers_count,friends_count,bio_auto_Yes_freq_terms,bio_auto_No_freq_terms,class
@EmaSooma,2,0.2222222222222222,41704,266,2,0,y
@NurseHumorTees,3,0.2,41192,6075,2,2,n
@ohhitsbrystol,0,0.0,29199,1728,0,1,n
@AkronSusan,2,0.18181818181818182,27107,4116,1,0,y
@ReinaQueen7,2,0.16666666666666666,23273,13970,4,0,y
@KarineSexyPussy,3,0.1875,22498,24644,2,22,n
@Healthtechtalkn,1,0.0625,21745,16466,13,1,y
@SVnjMAFS,6,0.6666666666666666,21013,78,7,0,y
@wetnhorny74,0,0.0,18701,1092,14,0,y
@MKMMACChiba,7,0.5833333333333334,17209,17100,3,7,n
@Nvthen,1,0.14285714285714285,12382,835,0,2,n
@Velvett_Rose_,2,0.14285714285714285,12057,265,2,3,n
@Bi_Lust,2,0.25,11839,1240,13,1,y
@NurseMaryJInk,4,0.2857142857142857,11820,10458,13,1,y
@ElbertaTrisha,2,0.14285714285714285,11284,12621,1,0,y
@nursemobileKL,2,0.14285714285714285,10712,11680,0,0,n
@ATX_Milf,4,0.4444444444444444,10510,650,0,5,n
@N_P_jobs,2,0.2222222222222222,10341,5222,0,0,y
@MilfErin,2,0.2222222222222222,10019,290,3,6,n
@SkogCarla,2,0.2,9292,7209,3,2,y
@jjantz70,0,0.0,8060,8194,15,1,y
@naumninai,0,0.0,7933,8511,4,0,y
@iwriteebooks,0,0.0,7285,534,1,0,y
@SimpleFanHere,3,0.21428571428571427,6930,4103,3,1,y
@CountryNurse37,2,0.13333333333333333,6395,4079,5,1,y
@BabygirlKara1,2,0.14285714285714285,6297,607,0,8,n
@Nurse_Deola,2,0.16666666666666666,6003,5899,0,3,n
@kglusuegro,0,0.0,5917,124,18,0,y
@EndersonHelen,2,0.14285714285714285,5546,4688,7,6,n
@SarahJane_x21,2,0.14285714285714285,5474,3918,0,1,n
@lovley1414,0,0.0,5360,5767,7,0,y
@_Ashleemareee,1,0.07142857142857142,5108,1982,1,0,y
@MuhiimaB,2,0.2222222222222222,5023,2339,13,1,y
@lubnasheikh774,0,0.0,5019,3257,3,5,n
@IvoryBelleHere,3,0.2,4791,165,6,0,y
@QuotesforNurses,2,0.125,4719,4715,7,1,y
@BalesMoro,2,0.2,4600,520,4,4,n
@SweetTXTrouble,4,0.26666666666666666,4549,2964,8,1,y
@canadiangirl003,0,0.0,4523,4657,2,4,n
@NursingPaMore,3,0.21428571428571427,4452,357,4,2,n
@smvalenton,0,0.0,4432,4688,15,1,y
@MarcieSwenson,2,0.14285714285714285,4288,69,5,0,y
@greenfiev2,0,0.0,4139,4035,8,1,y
@NurseOcha,2,0.2,4004,152,0,0,y
@Bitches4Trump,2,0.14285714285714285,4002,1814,7,1,y
@easternan0n,0,0.0,3995,1579,2,0,y
@ConservCandy1,2,0.14285714285714285,3976,3654,10,2,y
@gufecononik,0,0.0,3971,4427,1,0,y
@AskTheNP,4,0.4444444444444444,3962,3828,8,3,y
@NurseYourLashes,3,0.1875,3958,1196,13,1,y
@spsrn42,0,0.0,3949,515,10,1,y
@David_Bendell,2,0.14285714285714285,3904,23,7,0,y
@hischivette12,0,0.0,3877,186,5,2,y
@valerie_dyer,0,0.0,3832,3765,6,1,y
@AdrianaMuth,2,0.16666666666666666,3749,4106,1,0,y
@ayeenacorie,0,0.0,3736,3684,0,4,n
@ReneeCronley,2,0.15384615384615385,3602,4998,9,2,y
@KellieHealth,2,0.15384615384615385,3582,59,7,0,y
@EmmaSNPHarper,5,0.35714285714285715,3581,1959,5,2,y
@CynNaya,2,0.25,3564,2321,1,4,n
@jshmxoreo,0,0.0,3556,4073,0,1,n
@simonpoetry,0,0.0,3528,4999,9,2,y
@XhaiyCee,2,0.2222222222222222,3486,490,2,0,y
@drcjaffe,0,0.0,3426,3256,11,1,y
@flychristianfly,0,0.0,3417,108,7,1,y
@NUMOCare,5,0.5555555555555556,3391,2801,16,1,y
@RatedLewd,2,0.2,3370,122,5,5,n
@vatuhobyvub,0,0.0,3236,3647,1,0,y
@plussizeanon,0,0.0,3207,2599,12,2,y
@MarshamMiranda,2,0.13333333333333333,3181,3325,3,5,n
@NursesCafe,2,0.18181818181818182,3179,1497,4,8,n
@PittRochelle,2,0.15384615384615385,3125,49,3,0,y
@bschulte97,0,0.0,3109,2151,1,4,n
@TaraiiQueen,2,0.16666666666666666,3108,2510,0,3,n
@cleanupyourdiet,0,0.0,3102,3378,15,2,y
@ericgethmann,0,0.0,3083,25,1,2,n
@jhousevlogs,0,0.0,3063,163,10,2,y
@CrowdFundYouth,3,0.2,3059,2787,9,1,y
@JoelStn,2,0.25,3048,343,9,1,y
@babysoundasleep,0,0.0,3021,2960,12,1,y
@kristinewanders,0,0.0,3011,2621,11,0,y
@Sassy_Nursey,2,0.15384615384615385,3009,551,8,0,y
@daisha2x,0,0.0,2896,1762,11,0,y
@elmorephd,0,0.0,2893,4540,9,3,y
@Flustered_Mom,2,0.14285714285714285,2858,2812,13,0,y
@simplemomreview,0,0.0,2755,2386,9,0,y
@Tynesheiaaa_,1,0.07692307692307693,2744,2414,1,2,n
@23weeksocks,0,0.0,2735,1561,14,1,y
@Qveenshxtonly,1,0.07142857142857142,2704,2728,1,1,n
@MariaFilipina70,2,0.125,2702,2601,12,1,y
@Majorboobage,1,0.07692307692307693,2696,2569,6,0,y
@DenNpt,2,0.2857142857142857,2637,2750,11,2,y
@aiee_light,0,0.0,2578,3215,4,1,y
@MsPrissEvieDoll,4,0.25,2575,3253,0,0,n
@JoanneMCourtney,3,0.1875,2556,187,6,0,y
@iamnursecamila,0,0.0,2529,26,11,0,y
@Lacy0902,1,0.1111111111111111,2525,2565,8,1,y
@thenurseteacher,0,0.0,2470,2396,10,2,y
@WhiteGirlTay,3,0.23076923076923078,2428,1003,0,1,n
@nursebrenda93,0,0.0,2418,4885,4,0,y
@rarafan92,0,0.0,2396,42,0,0,y
@bitchwhaaaaaaaa,0,0.0,2368,4327,2,11,n
@TravelRNStyle,4,0.2857142857142857,2366,3161,10,0,y
@pfr2505,0,0.0,2360,1790,6,0,y
@wifelopedia,0,0.0,2330,2230,4,1,y
@KeithSonia,2,0.18181818181818182,2303,2991,1,0,y
@gesare57,0,0.0,2300,1412,10,0,y
@darian_lparson,0,0.0,2292,2372,4,0,y
@FreddySabrina,2,0.14285714285714285,2280,3034,1,0,y
@maximumclassic,0,0.0,2279,2396,7,1,y
@lmsteinmann,0,0.0,2271,2776,14,1,y
@DemonicNurse,2,0.15384615384615385,2260,59,4,0,y
@rideinmyAtivan,1,0.06666666666666667,2242,456,6,2,y
@whenn__d,0,0.0,2226,1184,1,2,n
@vep_connie,0,0.0,2226,2451,4,2,y
@BookMom80,2,0.2,2214,2233,6,1,y
@garywickson,0,0.0,2203,2415,1,0,y
@MommyRN_,3,0.3333333333333333,2187,2226,12,0,y
@kat28RN,2,0.25,2170,1992,2,0,y
@FierceFemtivist,2,0.125,2162,754,8,1,y
@emilyaloecake,0,0.0,2148,2505,10,5,y
@peyge_sims,0,0.0,2114,4958,11,0,y
@bathurst_vicki,0,0.0,2111,2551,3,6,n
@yournursingjobs,0,0.0,2065,2452,7,3,y
@ilerpine,0,0.0,2052,2229,7,2,y
@paulh2167657,0,0.0,2020,4998,3,1,y
@BronsonWilks,2,0.15384615384615385,2016,4967,10,3,y
@GarzaDean,2,0.2,1997,2063,10,0,y
@websurgeon05191,0,0.0,1989,3036,2,5,n
@anna__Scott__,1,0.07142857142857142,1978,4536,10,3,y
@NurseLotsaLuv,3,0.21428571428571427,1973,1973,0,8,n
@NeuvooChernivt,2,0.13333333333333333,1968,1878,1,6,n
@MissLovey379,2,0.15384615384615385,1962,3414,11,1,y
@psychnurseprobz,0,0.0,1943,730,1,5,n
@FitzeeElla,2,0.18181818181818182,1932,156,4,3,y
@LewdNurseJoy_,3,0.21428571428571427,1925,556,6,10,n
@DehaanStephanie,2,0.125,1924,1709,7,0,y
@chynnadoll7,0,0.0,1919,2057,0,2,n
@martinfabrizio2,0,0.0,1911,1880,11,0,y
@lilyppleemingp5,0,0.0,1911,661,4,1,y
@fiwovanyjej,0,0.0,1900,1369,0,0,y
@crossfitguy_15,0,0.0,1877,408,1,5,n
@1periculo,0,0.0,1876,2147,6,2,y
@papacciorn,0,0.0,1850,2126,6,1,y
@studentnuurse,0,0.0,1847,3378,5,2,y
@cocaineNoHonei,2,0.13333333333333333,1841,506,3,1,y
@DuranceauRandi,2,0.13333333333333333,1828,2333,9,0,y
@awhjazmin,0,0.0,1827,795,2,3,n
@starlasphinz1,0,0.0,1822,5002,5,0,y
@TheMamaNurse,3,0.23076923076923078,1805,2018,12,1,y
@HuganDking,2,0.18181818181818182,1794,3215,9,0,y
@suzannecleroy,0,0.0,1790,1585,10,1,y
@LizzysSugarToes,3,0.1875,1772,1429,2,4,n
@shonad7674,0,0.0,1758,1606,13,0,y
@Versatop69,1,0.09090909090909091,1746,572,1,10,n
@ChastityBelt33,2,0.13333333333333333,1735,2475,13,1,y
@sexehadagosi,0,0.0,1734,1999,1,0,y
@Summerpreslie,1,0.07142857142857142,1734,331,0,6,n
@LisaLocher1,2,0.16666666666666666,1698,3016,0,10,n
@HisPharmWife,3,0.23076923076923078,1685,1238,2,7,n
@fiestagramApp,1,0.07142857142857142,1685,4935,12,0,y
@GymLeaderBr0ck,3,0.2,1684,1607,0,2,n
@Raquelove01,1,0.08333333333333333,1680,66,0,0,y
@trevino_roxanne,0,0.0,1663,2186,10,3,y
@myfaceredso,0,0.0,1660,4990,9,1,y
@IBDPassport,4,0.3333333333333333,1652,860,15,0,y
@TLBCofficial,4,0.3076923076923077,1646,19,2,3,n
@FABNotts,4,0.4444444444444444,1627,2138,13,1,y
@CannabisRJ,3,0.2727272727272727,1625,1926,0,0,n
@MotherhoodandMS,3,0.1875,1621,2011,9,2,y
@BackwoodsBromo,2,0.13333333333333333,1613,473,2,3,n
@LauraH1ppy,2,0.18181818181818182,1608,272,13,1,y
@Taayluhhhhh_143,1,0.0625,1597,1424,0,4,n
@JenRaineSmart,3,0.21428571428571427,1596,2073,9,2,y
@endoverwhelmnow,0,0.0,1595,2278,12,1,y
@goddessstacey69,0,0.0,1593,1613,8,2,y
@Miss_Asteria,2,0.15384615384615385,1593,518,2,7,n
@Santosh424Sp,2,0.15384615384615385,1592,1333,1,14,n
@NurseJackie615,2,0.13333333333333333,1588,1379,14,0,y
@LgLgarris62,2,0.16666666666666666,1577,1489,8,3,y
@agbg1996,0,0.0,1570,1406,8,0,y
@MollyMclellan91,2,0.125,1566,2245,1,5,n
@ppleasant14,0,0.0,1565,2473,6,1,y
@RaeJean9,2,0.2222222222222222,1562,2010,8,2,y
@littlebuttonboo,0,0.0,1559,1543,4,0,y
@reinascrubstwt,0,0.0,1559,1863,5,7,n
@ThyWntcookie,2,0.15384615384615385,1550,813,0,0,n
@AmericanMex067,2,0.13333333333333333,1546,1074,11,0,y
@NigelDynamite,2,0.14285714285714285,1544,2045,2,6,n
@BeachyBeads1,2,0.15384615384615385,1544,2038,13,3,y
@ang4575,0,0.0,1544,2435,14,0,y
@vparr3,0,0.0,1542,1668,3,2,y
@_paigeolson,0,0.0,1537,882,5,0,y
@OhSotto,2,0.25,1536,1488,6,0,y
@roIlerCosta,2,0.16666666666666666,1535,454,2,0,y
@nurs_ed_com,0,0.0,1531,2121,4,6,n
@pinkinktattoo1,0,0.0,1530,2559,15,2,y
@nei_monaee,0,0.0,1527,1920,0,0,n
@PiesieAfia,2,0.18181818181818182,1526,154,0,13,n
@_AbbyBabyyy,2,0.16666666666666666,1514,1207,5,0,y
@drewwerner1690,0,0.0,1513,4050,16,0,y
@eatmyyythoughts,0,0.0,1512,459,3,9,n
@RhamRN,3,0.42857142857142855,1511,531,4,0,y
@dementiaboy,0,0.0,1509,929,8,0,y
@IQRA_Raani,5,0.45454545454545453,1490,1783,5,1,y
@chitownbromo,0,0.0,1476,2187,8,1,y
@Vanilla_SweetMe,3,0.1875,1473,1945,9,3,y
@NeuvooNurLon,3,0.23076923076923078,1471,1405,1,7,n
@AlexndrBerkeley,2,0.125,1469,1914,0,0,y
@quietandsassy_,0,0.0,1460,930,1,10,n
@ujellyxlover,0,0.0,1456,2040,1,1,n
@finnyLaura,1,0.09090909090909091,1451,1464,11,0,y
@NoBody_6000,2,0.16666666666666666,1450,2100,5,1,y
@EpicMurse,2,0.2,1450,1536,2,4,n
@GuerrillaNurse,2,0.13333333333333333,1447,2265,14,1,y
@lorraine_tinker,0,0.0,1429,2106,10,2,y
@PoutandFlutter,2,0.13333333333333333,1427,1928,14,0,y
@danieloliloxip,0,0.0,1413,1470,1,0,y
@Shannon30446397,1,0.0625,1410,1828,12,1,y
@Michigan_bellee,1,0.0625,1410,1128,5,4,n
@MadamePrez4Ted2,3,0.1875,1408,2092,10,1,y
@leahbridges82,0,0.0,1397,2035,1,5,n
@angharad1963,0,0.0,1394,2303,5,8,n
@MmayburyrnMary,2,0.13333333333333333,1384,4404,5,2,y
@bone_sharon,0,0.0,1378,1711,9,0,y
@Yvibrantessence,1,0.0625,1376,72,6,3,n
@TheMamatova,2,0.16666666666666666,1368,3553,15,1,y
@wrinklerecovery,0,0.0,1359,4965,7,2,y
@sherry4201,0,0.0,1355,1510,3,0,y
@_poppunkGF,2,0.18181818181818182,1355,574,0,5,n
@clouim531,0,0.0,1341,4624,10,1,y
@Frostyblonde01_,1,0.0625,1337,952,6,0,y
@Lefty0971,1,0.1,1321,188,7,0,y
@elmejo10,0,0.0,1320,2009,5,7,n
@BluebellBw,2,0.18181818181818182,1318,1301,12,1,y
@The_FFBC,5,0.5555555555555556,1315,206,4,12,n
@nursingdiva2016,0,0.0,1314,1030,3,1,y
@kennygibsonnhs,0,0.0,1313,1165,12,0,y
@njlakic,0,0.0,1312,983,10,0,y
@Rn4momChelle,2,0.15384615384615385,1308,1318,3,4,n
@KenKenhall65,2,0.15384615384615385,1307,1844,11,0,y
@DeannePccn,2,0.18181818181818182,1299,1539,3,0,y
@LVFRN7,5,0.7142857142857143,1299,2122,11,1,y
@aubriana_donato,0,0.0,1298,1762,0,0,n
@Jacarrah__,1,0.09090909090909091,1296,1126,0,1,n
@SchultzTana,2,0.16666666666666666,1293,1730,11,0,y
@indu_neupane,0,0.0,1292,526,1,0,y
@NancieShiroh,2,0.15384615384615385,1285,1851,2,10,n
@eviefisher10,0,0.0,1284,1444,12,3,y
@NurseEdUK,4,0.4,1282,1078,7,7,n
@nancy091013,0,0.0,1282,2122,1,1,y
@The_NP_Show,4,0.3333333333333333,1279,348,3,7,n
@sweetcakes1965,0,0.0,1279,2135,8,2,y
@BravePublic_Hat,3,0.1875,1279,1088,6,0,y
@MarinesCatMom,3,0.21428571428571427,1277,742,1,3,n
@DirtyTeleNurse,3,0.2,1275,1792,6,7,n
@SpecialOps_X,3,0.23076923076923078,1267,1742,1,5,n
@Nurse_Hub,2,0.2,1265,907,0,2,n
@Maryam_B_A_97,3,0.21428571428571427,1265,2075,0,0,n
@jay_kanz,0,0.0,1264,569,11,0,y
@dalie_1998,0,0.0,1257,1947,0,4,n
@nursein_trainin,0,0.0,1257,894,0,5,n
@Goldschlagerkid,1,0.0625,1256,395,13,2,y
@wanderwithwine1,0,0.0,1248,887,9,0,y
@mthembunokuthu1,0,0.0,1244,1827,0,7,n
@besin_lani,0,0.0,1238,1902,7,0,y
@philliponduty,0,0.0,1232,911,1,7,n
@JessicaMPicard,3,0.2,1231,1245,3,9,n
@GirlyChristian7,2,0.125,1230,1203,17,1,y
@Beautifulnoora,1,0.06666666666666667,1228,209,8,0,y
@AshBashNichole,3,0.2,1224,1035,1,4,n
@rk773936,0,0.0,1222,1578,4,2,y
@AstroguyHawaii,2,0.13333333333333333,1222,1362,8,1,y
@Striker0108,1,0.08333333333333333,1221,1227,11,1,y
@sleepingcats215,0,0.0,1219,2266,14,1,y
@EclipseOfiukusu,2,0.125,1206,371,10,1,y
@Emoniee_D,2,0.2,1204,1605,0,1,n
@_ParisNextDoor_,3,0.1875,1202,1190,1,7,n
@janessong319,0,0.0,1195,2204,13,1,y
@skyedolphins,0,0.0,1190,2099,10,1,y
@fhoodstories,0,0.0,1189,253,5,0,y
@shopshi,0,0.0,1185,2026,9,1,y
@NurseCrazyEyez,3,0.2,1183,1904,13,3,y
@gingermshort,0,0.0,1180,1965,11,1,y
@Dirty_Nappy,2,0.16666666666666666,1175,1049,13,0,y
@VivianJo1,2,0.2,1173,1091,11,1,y
@NiddyNidz,2,0.2,1162,1103,6,1,y
@msallaboutus,0,0.0,1158,1265,7,3,y
@FaizaLhabidabs,2,0.13333333333333333,1157,261,5,0,y
@KayMarleyMar,3,0.23076923076923078,1152,1317,0,6,n
@kellymoorebp,0,0.0,1148,1427,10,0,y
@Cybernat61,1,0.09090909090909091,1145,2004,2,0,y
@Chall94509,1,0.09090909090909091,1141,1720,10,2,y
@nurseanita1998,0,0.0,1138,2162,1,0,y
@johairah23,0,0.0,1138,884,8,1,y
@Tj48000Nina,2,0.16666666666666666,1135,1142,10,0,y
@Mbelin1033Mary,2,0.13333333333333333,1132,1987,7,1,y
@nijeah,0,0.0,1131,1841,6,6,n
@eatASIAn_food,4,0.2857142857142857,1130,874,1,5,n
@NCbaby_,2,0.25,1128,1376,2,6,n
@kermei_94,0,0.0,1120,102,0,5,n
@lesleycarter22,0,0.0,1119,1510,6,2,y
@MLPSnowStar,5,0.4166666666666667,1119,1295,11,0,y
@TheTinderGay,3,0.23076923076923078,1117,829,12,2,y
@nawty_nurse,0,0.0,1113,169,0,0,n
@mentalmaven,0,0.0,1113,509,11,1,y
@Mountainultra,1,0.07142857142857142,1112,201,0,8,n
@mc_sherrie,0,0.0,1110,1944,1,1,y
@911getaway,0,0.0,1110,1957,14,1,y
@MichelleMenny,2,0.14285714285714285,1110,3075,6,7,n
@alain77510773,0,0.0,1109,998,8,1,y
@PGibesonRN,4,0.36363636363636365,1108,2245,10,3,y
@Bbiscuit24,1,0.09090909090909091,1107,269,3,10,n
@LoriBrabant,2,0.16666666666666666,1106,2403,2,0,y
@TerrieMcevoy,2,0.15384615384615385,1103,55,10,1,y
@RoxyFoxy222,2,0.16666666666666666,1089,4021,11,0,y
@chocolatekillaa,0,0.0,1088,2212,2,5,n
@I_never_fear,1,0.07692307692307693,1087,385,1,8,n
@thatgaynurse,0,0.0,1086,587,0,0,n
@hold_sugar,0,0.0,1086,778,2,5,n
@snarkyscrubs,0,0.0,1082,566,13,0,y
@DelicsSurprise,2,0.13333333333333333,1081,4961,6,1,y
@MamaCurtiss,2,0.16666666666666666,1073,1678,7,0,y
@NursesRound,2,0.16666666666666666,1068,2006,12,2,y
@OtterInTheStx,4,0.2857142857142857,1063,696,6,0,y
@evelynpm50,0,0.0,1060,2012,10,2,y
@future__nurse,0,0.0,1060,683,3,1,y
@_niyaamonae,0,0.0,1056,875,4,6,n
@LifeInTheICU,6,0.46153846153846156,1053,496,9,1,y
@Mikeys1Mum,2,0.18181818181818182,1052,2461,11,3,y
@sassnpolitics,0,0.0,1050,869,4,3,n
@patsy_glasgow,0,0.0,1048,1700,1,7,n
@sassy_md_sn,0,0.0,1044,703,2,2,n
@fd00ba57417d449,0,0.0,1042,934,9,2,y
@beachnurse269,0,0.0,1041,2993,0,2,n
@LapeNurse,2,0.2,1034,477,6,0,y
@Buffy3349,1,0.1,1031,1191,8,1,y
@Rwmartin72,1,0.09090909090909091,1030,2197,13,2,y
@getitkim,0,0.0,1026,333,11,2,y
@CharmantNiQ,3,0.25,1023,805,0,0,n
@mmistretta691,0,0.0,1022,992,8,5,y
@libertarianchik,0,0.0,1022,1043,7,1,y
@SoutheRNgirl767,3,0.1875,1021,1978,0,0,n
@ScuthernBeauty,2,0.13333333333333333,1021,984,8,0,y
@MixMylicious,2,0.15384615384615385,1019,1004,13,0,y
@fargoscargo1,0,0.0,1012,1291,1,2,n
@steveshaw1979,0,0.0,1008,936,5,5,n
@ManorRdGoods,3,0.23076923076923078,1001,948,10,3,y
@StudentNurse_UK,4,0.25,1001,1016,3,6,n
@keepinupwithni,0,0.0,1000,697,0,5,n
@kiwikiwipee,0,0.0,1000,1029,11,0,y
@_WhiskeyDarlin,2,0.13333333333333333,1000,1200,4,3,n
@SallyJoBradley1,3,0.1875,1000,1997,14,3,y
@Jirianranj,1,0.09090909090909091,991,863,2,0,n
@PoeticGoddness,2,0.13333333333333333,990,421,0,12,n
@aasthatwitting,0,0.0,989,31,0,3,n
@kristenmooody,0,0.0,989,677,0,7,n
@oswin_claire,0,0.0,984,1299,8,0,y
@nursing_dp,0,0.0,983,1917,3,0,y
@Aki__Nijou,2,0.18181818181818182,983,396,9,1,y
@abcdef__jee,0,0.0,982,581,0,1,n
@just_drew_me,0,0.0,977,507,6,0,y
@neil_catherine,0,0.0,969,816,9,0,y
@EZannuti,2,0.2222222222222222,967,2294,8,1,y
@PetRosewood,2,0.16666666666666666,965,0,11,3,y
@ObstetricsRN,3,0.23076923076923078,964,1743,8,0,y
@muchirijoyce1,0,0.0,964,1990,0,0,y
@AbbyHespah,2,0.18181818181818182,962,2011,5,1,y
@ohiamjessica,0,0.0,953,1322,2,3,n
@V_ofPSE,4,0.5,951,1116,12,1,y
@LiveAsQueenAnne,4,0.25,951,1950,9,0,y
@LynnieceMiss,2,0.15384615384615385,951,1886,2,5,n
@RNRecruiting,3,0.23076923076923078,951,35,2,7,n
@PatriciaLindbe3,2,0.125,950,1887,4,0,y
@kbdpgela,0,0.0,949,644,3,3,n
@jaretblidook,0,0.0,940,1986,11,1,y
@nursingstat,0,0.0,939,1654,9,5,y
@4wrapstolive,0,0.0,936,1642,6,1,y
@downtownlesbos,0,0.0,936,796,8,0,y
@WhiteJacketPink,3,0.1875,935,838,8,0,y
@Crashnebula14,1,0.07142857142857142,931,1924,2,8,n
@my_vetnurse,0,0.0,928,1674,4,7,n
@buckiewitmer,0,0.0,928,1047,1,0,y
@staffing_agent,0,0.0,926,1892,6,1,y
@lilklee821,0,0.0,922,2158,11,1,y
@BabsGreenEyes,3,0.21428571428571427,921,1227,7,2,y
@CoriBush4Senate,3,0.1875,914,588,1,0,y
@ElaineMenshouse,2,0.125,908,812,6,2,y
@srickenberg,0,0.0,905,895,12,2,y
@NCariddo,2,0.2222222222222222,904,1972,9,3,y
@nicolewest37,0,0.0,904,784,1,2,n
@savageonsite,0,0.0,904,898,2,6,n
@PBB_TeamJayme,5,0.35714285714285715,903,201,6,0,y
@LipNurse,2,0.2222222222222222,901,1331,3,4,n
@jessica_kimchi,0,0.0,901,113,6,3,y
@JoannaSapida,2,0.15384615384615385,899,2027,4,1,y
@Yourfitnurse,1,0.07692307692307693,898,756,6,2,y
@jobodyrn,0,0.0,893,1934,7,3,y
@LDNNURSE,8,0.8888888888888888,884,1796,4,1,y
@__dejamichelle,0,0.0,883,1731,1,2,n
@JoeKellyMP,4,0.36363636363636365,883,341,6,1,y
@Abette77Amanda,2,0.13333333333333333,883,1882,0,0,n
@SiskaSiskahattu,2,0.125,881,934,6,1,y
@Hunter873J,2,0.18181818181818182,879,869,7,1,y
@bturner72812,0,0.0,879,2063,8,0,y
@nursie6,0,0.0,875,1323,6,1,y
@jarheadrn2gmail,0,0.0,875,1863,2,0,y
@mirandafraun,0,0.0,871,1959,7,0,y
@puravidanaples,0,0.0,871,15,13,1,y
@AlleySara,2,0.2,870,1265,5,3,y
@JenJasmin75,2,0.16666666666666666,870,1000,10,1,y
@JericahMarie_,2,0.14285714285714285,870,638,0,4,n
@StlMagnolia1,2,0.15384615384615385,867,546,9,1,y
@LivinNCin,3,0.3,865,1377,13,1,y
@SkyeBlaak,2,0.2,864,837,2,1,y
@Loritrufit,1,0.09090909090909091,864,1604,3,0,y
@superrmaxine_,0,0.0,863,109,1,1,n
@BadAdviceNurse1,3,0.1875,860,17,9,8,n
@jshelp84,0,0.0,856,948,3,1,y
@nurseauthors2,0,0.0,856,1989,7,7,n
@ArizonaNurse,2,0.15384615384615385,855,304,5,1,y
@AtkinDiana,2,0.18181818181818182,852,1970,8,3,y
@daysharena,0,0.0,852,693,1,2,n
@gotghost5,0,0.0,851,1292,13,4,y
@MissLeahCooke,3,0.21428571428571427,850,501,4,1,y
@LaToyaLemons,3,0.23076923076923078,847,1967,8,2,y
@Nonnie_Linda,2,0.15384615384615385,845,1153,7,0,y
@PriaCelestee,2,0.15384615384615385,843,809,0,3,n
@itsclaremarie,0,0.0,843,931,6,0,y
@AuthorGSarpong,3,0.2,842,1586,8,3,y
@andreawiley_,0,0.0,839,898,2,3,n
@AlexIrvineYork,3,0.2,838,1220,11,2,y
@ThePrayingNurse,3,0.1875,838,2013,9,1,y
@AnonLadyRN,4,0.36363636363636365,836,129,7,2,y
@Scrubsandsquats,1,0.0625,834,310,4,0,y
@BareroRose,2,0.18181818181818182,834,259,0,1,n
@GlamNurse614,2,0.15384615384615385,834,358,4,0,y
@MamaMMcCall,4,0.3333333333333333,831,1083,11,0,y
@Aaryon_Nurse,2,0.15384615384615385,831,1851,0,2,n
@jwhorsley,0,0.0,828,847,5,0,y
@eneaangela,0,0.0,828,692,3,4,n
@miguelkaAllie,1,0.07142857142857142,823,811,6,8,n
@Jada_btw,1,0.1111111111111111,823,657,0,1,n
@Logan_A_Gates,3,0.21428571428571427,823,1587,3,5,n
@lundgrenmall,0,0.0,822,1941,5,0,y
@debilesigger25,0,0.0,821,83,9,0,y
@nanciesuzan,0,0.0,820,1864,6,1,y
@1f466e0965924bb,0,0.0,820,2062,3,4,n
@crystaljordan94,0,0.0,819,617,5,1,y
@CApparitionSE,4,0.2857142857142857,815,362,11,0,y
@LaReinanurse1,2,0.14285714285714285,813,604,13,1,y
@Nurse_Gerard,2,0.15384615384615385,813,780,0,7,n
@angelhart1988,0,0.0,811,2178,3,1,y
@HeeeeyPril,2,0.18181818181818182,809,326,1,0,y
@hevmariee,0,0.0,807,646,1,3,n
@JrtrippjrR,2,0.18181818181818182,806,2032,9,0,y
@camoprep,0,0.0,803,527,3,6,n
@D_Desss,2,0.25,801,953,0,3,n
@PregWorld,2,0.2,801,3111,7,2,y
@teejaaayasf_,0,0.0,799,823,0,5,n
@iam_taraa,0,0.0,797,382,2,2,n
@blairalexisss,0,0.0,797,373,5,4,n
@lory_pixie,0,0.0,796,1007,4,1,y
@auroraskilaki,0,0.0,794,570,2,1,y
@ComedyScript,2,0.15384615384615385,792,1704,10,0,y
@beloved_quashaa,0,0.0,788,470,2,0,y
@SuzySmitty,2,0.18181818181818182,788,2394,6,5,n
@YulandaWhittier,2,0.125,787,1977,2,0,y
@lucyysmartt,0,0.0,782,1109,2,0,y
@SNmidwest,2,0.2,781,188,3,0,y
@Arvien26,1,0.1111111111111111,780,1155,8,5,y
@LaniBesin,2,0.2,775,1888,6,2,y
@JadeHaines1,2,0.16666666666666666,775,1063,9,1,y
@Su_Mitch1121,2,0.15384615384615385,774,1061,6,10,n
@TechInstPart,3,0.23076923076923078,773,1408,4,8,n
@bunnie_bae,0,0.0,772,1129,14,1,y
@bean_______,0,0.0,771,766,3,0,y
@laurakrooney,0,0.0,769,913,12,2,y
@horny_mickie,0,0.0,769,1830,3,3,n
@SaveHealthNurse,3,0.1875,766,947,7,1,y
@Nurse_surfing,1,0.07142857142857142,765,2172,10,0,y
@AdvPracPrep,3,0.25,765,4459,5,0,y
@IcyCosplay,2,0.18181818181818182,764,81,2,1,y
@FeistySnowflake,2,0.125,764,1376,5,10,n
@ginah89121,0,0.0,761,81,8,1,y
@Strax_Sontaran,2,0.13333333333333333,759,1188,15,0,y
@elizabeth27ann,0,0.0,756,683,7,2,y
@ICU_gypsynurse,3,0.2,755,394,2,0,y
@naibaho_siagian,0,0.0,754,204,17,0,y
@_BriAntwanette,2,0.13333333333333333,753,1480,3,4,n
@littleworldbeka,0,0.0,753,372,7,1,y
@heartbreakseven,0,0.0,753,628,0,1,n
@LightenedWinter,2,0.125,752,1242,11,0,y
@aduseijennifer1,0,0.0,752,611,5,1,y
@andrew_bogg,0,0.0,751,1148,6,3,y
@AverageAnonMiss,3,0.1875,747,344,0,4,n
@MattmMurdockDD,4,0.26666666666666666,747,1411,19,0,y
@iamsarahfix,0,0.0,746,312,0,1,n
@4angel4ever88,0,0.0,746,323,3,5,n
@johnhan79583770,0,0.0,746,643,3,0,y
@HSam_Christina,3,0.2,745,1709,7,0,y
@Gravydog316,1,0.08333333333333333,743,1214,0,5,n
@Ironcladirish,1,0.07142857142857142,743,722,20,3,y
@JustJaneUK,4,0.36363636363636365,742,628,16,1,y
@jobfindlynur,0,0.0,742,4831,3,6,n
@TheBabyfriend,2,0.14285714285714285,741,774,11,1,y
@WeekndsNear,2,0.16666666666666666,739,1251,1,4,n
@DiAngelina917,2,0.14285714285714285,739,1208,9,4,y
@RMartine_White,3,0.2,738,2010,10,0,y
@shimmer_angel,0,0.0,737,782,5,0,y
@citicorpgroup,0,0.0,734,1948,1,13,n
@rubyredlips78,0,0.0,733,1977,10,0,y
@ForeverKaee_,2,0.15384615384615385,730,538,0,2,n
@tseracing1,0,0.0,728,1290,11,0,y
@mommybrief,0,0.0,728,1242,13,0,y
@PostGridNovel,3,0.21428571428571427,728,2029,2,9,n
@Mlp_kiwipunch,1,0.07142857142857142,728,381,2,7,n
@Parkin25Marie,2,0.14285714285714285,726,567,9,2,y
@NaturallyGreer,2,0.13333333333333333,725,916,7,1,y
@Sarah_ALICE13,6,0.42857142857142855,725,1445,4,1,y
@forhananim1,0,0.0,723,1123,3,1,y
@gessellmel,0,0.0,722,961,10,1,y
@nickyNY722,2,0.18181818181818182,722,2064,4,0,y
@KellySaynor,2,0.16666666666666666,721,983,10,1,y
@CanadianNursey,2,0.13333333333333333,717,1132,9,0,y
@CarterTreacle,2,0.14285714285714285,715,476,11,2,y
@Dhealthynfitu,1,0.07142857142857142,715,1933,1,0,y
@MaradonaAndre1,2,0.13333333333333333,715,2024,6,0,y
@GLekovi,2,0.25,714,1984,3,1,n
@ksherfield1,0,0.0,714,1015,12,6,y
@vickymay55,0,0.0,713,880,7,4,y
@mbatm2009,0,0.0,712,1658,14,2,y
@S_Allsop81,2,0.18181818181818182,711,1371,14,1,y
@greentreelcl60,0,0.0,711,1858,0,0,y
@_eshaaaaaa,0,0.0,710,899,0,1,n
@bethhsophia,0,0.0,709,355,4,5,n
@HepCBristol,3,0.25,708,696,11,1,y
@Nurse_Muscles,2,0.14285714285714285,707,3376,10,0,y
@protonixpusher,0,0.0,705,96,7,0,y
@fymyquryqupo,0,0.0,705,1020,4,1,y
@liveessential1,0,0.0,704,3654,9,1,y
@_ivanaglez,0,0.0,703,734,8,0,y
@LouiseGeraghty5,2,0.125,703,1777,13,2,y
@musicalbxnes,0,0.0,702,2205,1,6,n
@JoannaDib2,2,0.18181818181818182,701,861,3,0,n
@OnlyTay_,2,0.2222222222222222,695,693,0,7,n
@VondaMiller17,2,0.14285714285714285,692,1672,5,0,y
@THEBitchlnHeels,5,0.3125,691,57,2,2,n
@CatherineHeigl,2,0.13333333333333333,691,187,0,0,y
@radenrayanralyn,0,0.0,691,1226,4,0,y
@FuckinGorgeous3,2,0.125,690,1124,0,4,n
@skynyrdinards,0,0.0,689,998,9,3,y
@wardamn_rn,0,0.0,685,577,10,2,y
@blosxom_,0,0.0,683,625,6,14,n
@MarinaBlack99,2,0.14285714285714285,682,308,13,1,y
@BirthTraumaOz,3,0.21428571428571427,679,1145,12,3,y
@RightSpirit57,2,0.14285714285714285,679,1667,6,0,y
@encoretelemed,0,0.0,679,676,5,1,y
@nursedolnick,0,0.0,676,2779,7,1,y
@wozapapulub,0,0.0,675,810,0,4,n
@sthabile_pkt,0,0.0,674,952,13,0,y
@AL2Meta0,3,0.3333333333333333,674,731,12,5,y
@boobsnsass,0,0.0,673,335,2,1,y
@NJScosmetics,3,0.23076923076923078,672,1092,13,0,y
@nurseslaughing,0,0.0,672,799,9,0,y
@BiSlutshy,2,0.2,672,871,10,2,y
@Katy_lamb_2,1,0.08333333333333333,672,491,8,1,y
@i_mmk0107,0,0.0,672,558,1,0,y
@Calamity_Jayne_,2,0.125,671,655,9,0,y
@zachdrew4,0,0.0,670,1547,0,4,n
@HaileyChristy,2,0.14285714285714285,669,1521,9,1,y
@keepnupwitclaud,0,0.0,669,485,4,0,y
@anne_slam,0,0.0,668,1738,13,1,y
@JeremyWBrown01,3,0.2,668,2553,1,5,n
@sinead_mehigan,0,0.0,668,778,2,1,y
@lulu_twitch,0,0.0,668,254,14,2,y
@jaz_zayy,0,0.0,663,483,0,1,n
@gracejclarke,0,0.0,659,340,8,1,y
@jess_x91,0,0.0,659,1520,0,0,n
@enasharp52,0,0.0,659,767,7,1,y
@BBC_BJ86,5,0.5555555555555556,657,29,6,0,y
@BenitoKristen,2,0.14285714285714285,656,473,1,3,n
@ian_ianrbruce1,0,0.0,656,843,5,1,y
@b0740db96d86409,0,0.0,655,1975,3,5,n
@NursesRoar,2,0.18181818181818182,655,726,7,2,y
@RedWhiteDrink,3,0.21428571428571427,653,914,2,0,y
@HockeyGirlWendy,3,0.1875,653,689,6,0,y
@DaviesGill14,2,0.15384615384615385,652,1463,9,2,y
@BensonDeja,2,0.18181818181818182,652,1182,2,1,n
@SassySNProbs,4,0.3076923076923077,652,318,2,2,n
@Punc14Zena,2,0.18181818181818182,651,1473,2,7,n
@anamargame,0,0.0,651,1215,9,2,y
@TracyCarrillo15,2,0.125,650,1229,2,2,y
@gaoutlander,0,0.0,650,344,3,0,y
@babe_nurse,0,0.0,649,616,5,0,y
@suftgifsin,0,0.0,649,450,1,4,n
@meiramiyuPACOS,5,0.3333333333333333,649,179,0,6,n
@MariaCarb65,2,0.16666666666666666,648,689,6,0,y
@marathonmatron,0,0.0,646,1026,8,1,y
@ElinaWhitsett,2,0.14285714285714285,643,1964,12,1,y
@RA_Kitty21,3,0.2727272727272727,643,458,4,0,y
@GraciousHealer,2,0.13333333333333333,643,271,8,1,y
@dallaswhitesky,0,0.0,641,1119,1,4,n
@TheVetNurseJnl,4,0.26666666666666666,641,945,3,4,n
@nursec1994,0,0.0,640,414,2,0,y
@fazel2015,0,0.0,639,995,0,0,y
@RNNightlife,3,0.25,638,1121,11,1,y
@SweetHeartAd,3,0.23076923076923078,637,672,4,10,n
@Shabrina_lfc,1,0.07692307692307693,635,579,8,0,y
@johnjhayzie,0,0.0,635,1625,3,2,n
@VALEITE259,7,0.6363636363636364,635,778,15,2,y
@kidsheroseries,0,0.0,635,425,9,3,y
@evergreenxqueen,0,0.0,634,567,1,4,n
@Nannette6988,1,0.07692307692307693,633,654,7,1,y
@PristinHomecare,2,0.125,633,700,5,9,n
@Sassypsycho53,1,0.07142857142857142,633,1478,3,7,n
@saigebartel,0,0.0,632,414,12,1,y
@tastylacie,0,0.0,629,751,2,3,n
@Healing_Nurse,2,0.14285714285714285,629,179,6,0,y
@ChiefNurseNUH,5,0.35714285714285715,628,52,0,0,y
@traceyhardy789,0,0.0,626,952,5,2,y
@fitnurse2014,0,0.0,626,1291,4,2,y
@cutejany,0,0.0,625,493,0,4,n
@PJBeachey,3,0.3,624,1022,8,1,y
@StraightANurse,3,0.2,624,171,2,5,n
@sarahgenove24,0,0.0,623,356,5,1,y
@alexandra_mh3,0,0.0,622,1823,1,0,n
@xoxomissjess,0,0.0,622,363,2,2,n
@MaryJanePP1,4,0.3333333333333333,622,186,6,1,y
@SpottedTiger,2,0.15384615384615385,621,832,10,0,y
@livinglyf12,0,0.0,621,1705,5,1,y
@AdriannaBlaise,2,0.13333333333333333,620,1693,9,0,y
@NurseResidency,2,0.13333333333333333,620,6,3,0,n
@JonScattergood,2,0.13333333333333333,620,801,4,3,y
@MissMaldanoxo,2,0.14285714285714285,620,984,9,1,y
@lauraevelynbee,0,0.0,619,511,6,1,y
@enRICHment__,4,0.3076923076923077,618,829,4,8,n
@KCLSU_vpeh,5,0.45454545454545453,617,465,4,2,y
@Ald0willl,1,0.1,617,2078,9,2,y
@nurse_chatter,0,0.0,616,1990,2,1,y
@RSCH_RespNurses,6,0.375,615,384,9,1,y
@LifeAsWeNurseIt,5,0.3125,612,289,7,2,y
@sexayy__,0,0.0,611,756,0,2,n
@iloveon84000179,0,0.0,611,1883,0,5,n
@Chritty77,1,0.1,611,1108,6,1,y
@Hell_Kitten4,2,0.15384615384615385,611,1476,4,1,y
@moniquehenry15,0,0.0,611,522,14,0,y
@BOwensRN89,4,0.36363636363636365,611,1964,8,1,y
@ameliamaryx,0,0.0,610,435,1,2,n
@dadahamac,0,0.0,609,1065,9,0,y
@SaraBaduria,2,0.16666666666666666,609,636,5,2,y
@meanimemean,0,0.0,608,105,2,0,y
@ChrystineShaw,2,0.14285714285714285,608,1963,10,4,y
@nurse4lyf73,0,0.0,608,2454,13,1,y
@tanasia_thomas,0,0.0,605,568,5,2,y
@madrigaljulian2,0,0.0,605,681,0,0,y
@andrenigel07,0,0.0,603,1440,8,0,y
@TheGayNurse_,3,0.23076923076923078,601,158,5,0,y
@CaseyDumont,2,0.16666666666666666,600,214,6,1,y
@zenkristel,0,0.0,600,1495,2,0,y
@Onlii4aBoss,2,0.16666666666666666,600,1059,4,0,y
@jaxiebella,0,0.0,600,578,4,7,n
@LilIowaGirl,3,0.25,600,460,1,8,n
@roninicolee,0,0.0,600,448,3,7,n
@Tr2ck_Baby,2,0.18181818181818182,599,894,1,4,n
@screvmom,0,0.0,599,1661,1,0,y
@BawseySnob_,2,0.16666666666666666,596,365,0,3,n
@sarahjaynewrts,0,0.0,596,735,5,4,y
@RinascitaVitaYT,4,0.25,596,824,3,9,n
@davinashacklet2,0,0.0,595,972,8,1,y
@KarkiAachal,2,0.16666666666666666,593,1011,10,0,y
@iamloolaloo,0,0.0,592,1991,0,2,n
@RNDeandreBASS,7,0.5,592,909,8,1,y
@artgrljan,0,0.0,591,2151,10,2,y
@stanner1025,0,0.0,590,1164,11,1,y
@intanshafenaa,0,0.0,588,561,0,4,n
@nursebromo1,0,0.0,588,699,5,0,y
@Breathless_Bird,2,0.125,587,242,15,2,y
@studentnurse16,0,0.0,587,1075,3,5,n
@jakol6969,0,0.0,586,627,2,6,n
@rad_elizabeth,0,0.0,585,268,10,1,y
@WhiteBBCSlut,5,0.38461538461538464,585,140,5,11,n
@Nursenance9,1,0.08333333333333333,584,466,4,6,n
@keiraaaaa__,0,0.0,583,527,0,0,n
@MelanieMallari4,2,0.125,583,1101,3,0,y
@WieseSylvia,2,0.16666666666666666,582,837,12,1,y
@Susan_Mktg,2,0.18181818181818182,582,1072,5,7,n
@SweetJesusGirls,3,0.1875,582,771,4,1,y
@MHWarriorUK,5,0.4166666666666667,581,647,11,1,y
@nicolelimqueHP,2,0.13333333333333333,580,332,2,0,y
@CalMidwives,2,0.16666666666666666,578,687,3,7,n
@hellonursemed,0,0.0,578,591,0,12,n
@lilly_lovin,0,0.0,578,1207,2,3,n
@a_alexis21,0,0.0,577,1192,4,1,y
@northwestwife,0,0.0,577,516,1,4,n
@LisaAnnSpringer,3,0.1875,576,490,15,2,y
@iamsuper_emak,0,0.0,576,399,4,1,y
@sassylauRN,2,0.18181818181818182,575,400,7,3,n
@HeyyNurse,2,0.2,575,52,3,0,y
@bowsandpearls12,0,0.0,575,239,0,4,n
@Marrri_oxo,1,0.09090909090909091,575,514,2,8,n
@SarahH81x,2,0.2,575,1224,3,1,y
@pds111183,0,0.0,575,752,4,0,y
@ItsChapmann,2,0.16666666666666666,574,953,0,3,n
@Doit4thebootyy,1,0.06666666666666667,573,748,4,0,y
@maymarjorienilo,0,0.0,571,150,1,0,y
@Prolifefriend,1,0.07142857142857142,571,1347,8,1,y
@KarmaNursing,2,0.15384615384615385,571,271,5,9,n
@babydollRICH_,4,0.2857142857142857,570,1257,3,3,n
@gmaildotorg,0,0.0,567,1845,13,1,y
@Alida_Franches,2,0.13333333333333333,564,849,0,3,n
@FeelinMeJonzey,3,0.2,563,1273,0,4,n
@LeahMichelle301,2,0.125,563,501,3,7,n
@CatGobeil,2,0.2,563,59,2,10,n
@SThijzen,2,0.2222222222222222,562,1862,3,0,y
@Nursingmoments,1,0.06666666666666667,562,877,11,2,y
@CannaHeatheRN,4,0.2857142857142857,561,629,0,0,y
@lexie1487,0,0.0,561,2079,6,8,n
@celinebeaut1,0,0.0,561,820,6,0,y
@maggieclarkelpt,0,0.0,558,265,9,2,y
@AnnaKrosp,2,0.2,557,1784,4,0,y
@bearcunningham,0,0.0,557,149,5,0,y
@HeadRNColumbia,4,0.26666666666666666,557,386,11,2,y
@LewdVaporeon,2,0.15384615384615385,556,285,3,6,n
@nursehumor_,0,0.0,556,523,0,0,y
@kath_leech,0,0.0,555,781,15,0,y
@helenllowe,0,0.0,553,1316,12,1,y
@_Max_Walker,2,0.16666666666666666,552,380,1,3,n
@nurselife_,0,0.0,551,161,8,2,y
@tim_oconn,0,0.0,551,2124,10,1,y
@CourtneyShante1,2,0.125,549,1077,1,2,n
@EmpowHerHealth,3,0.2,548,1058,9,1,y
@Jam3sPJ,3,0.375,547,553,9,1,y
@brooklinbeautyy,0,0.0,547,916,0,0,n
@healthyfit_sea,0,0.0,545,490,7,3,y
@NurseBloodyVal,3,0.2,545,403,13,0,y
@Billy9711,1,0.1,544,1012,10,4,y
@USArmyGrlfriend,4,0.25,544,289,1,7,n
@KatherineVgt,2,0.15384615384615385,544,1123,7,1,y
@Menphysc2gether,1,0.0625,543,1965,4,0,y
@bigsisterhouse,0,0.0,542,954,13,1,y
@alittlelondoner,0,0.0,542,480,6,1,y
@ShoulderTo,2,0.18181818181818182,542,938,11,2,y
@KaitlynnMadden,2,0.13333333333333333,542,1655,6,6,n
@wilvz04,0,0.0,541,743,11,3,y
@HugYourNurses,3,0.21428571428571427,540,530,0,0,n
@NeuvooNurSD,4,0.3333333333333333,540,1602,1,9,n
@nada_sani,0,0.0,539,1245,0,6,n
@XXXkendraCam,4,0.3076923076923077,539,1427,2,5,n
@AngiyMichael22,2,0.13333333333333333,538,1642,10,2,y
@hsmounce,0,0.0,538,1747,1,1,y
@Lori_Slocum,2,0.16666666666666666,538,384,4,0,y
@JEAJobs,4,0.5,537,817,1,5,n
@maryelang,0,0.0,537,750,2,1,y
@DavidAinsNHS,5,0.38461538461538464,537,448,9,3,y
@eman4salah1992,0,0.0,537,718,4,0,y
@RamonaSuperfici,2,0.125,536,1142,6,1,y
@GeorgianMess,2,0.15384615384615385,536,127,0,2,n
@_bbrreeee_,0,0.0,536,394,3,0,y
@naturalserendi3,0,0.0,536,789,2,0,y
@Leslie_Blount,2,0.14285714285714285,534,1055,8,2,y
@Alyssa122690,1,0.07692307692307693,532,1504,3,1,y
@coleleigh3000,0,0.0,532,1016,2,4,n
@cherhubsher,0,0.0,530,651,11,0,y
@renurture,0,0.0,530,1709,2,0,y
@ccnairforce,0,0.0,530,964,12,1,y
@knifehat1,0,0.0,529,1784,14,2,y
@surabooks,0,0.0,529,500,1,14,n
@Anna_m_Edwards,2,0.13333333333333333,528,768,3,10,n
@seethenp,0,0.0,527,148,4,4,n
@RnToday1,2,0.2222222222222222,527,2093,4,4,n
@nagsusa,0,0.0,527,1561,3,6,n
@janbhess,0,0.0,526,783,10,2,y
@gala_crna,0,0.0,526,534,3,7,n
@EDnurserants,2,0.15384615384615385,526,723,1,2,n
@__oohNaNa,2,0.2,525,461,1,1,n
@Ludy_Asher,2,0.18181818181818182,525,1637,9,0,y
@JaysGordon,2,0.18181818181818182,524,1338,13,0,y
@no1offers_tees,0,0.0,524,1998,6,3,n
@thatloudRN,2,0.18181818181818182,523,314,10,2,y
@henry33tan,0,0.0,523,40,11,1,y
@NecrotizinFlesh,2,0.125,522,1833,4,11,n
@BlockTherapyRN,4,0.26666666666666666,522,1035,8,1,y
@TheHappyFatKid,4,0.26666666666666666,521,254,7,1,y
@thorntongillia1,0,0.0,521,1017,6,1,y
@TeamCarliNorris,3,0.1875,521,7,2,14,n
@ThatPedsMurse,3,0.21428571428571427,521,637,3,12,n
@melkaterupp,0,0.0,520,721,10,0,y
@ReeemAlharthi,2,0.14285714285714285,520,541,8,4,y
@CarleeGrantham,2,0.13333333333333333,520,1133,6,6,n
@KittenishChan,2,0.14285714285714285,519,2,2,6,n
@BREADSTIXRYUM,13,0.9285714285714286,519,768,6,5,n
@NNUBonnie,4,0.4,519,749,11,0,y
@nursecierra,0,0.0,519,1509,3,6,n
@LeMesaSStMary1,5,0.3333333333333333,518,665,8,0,y
@cloverleafchron,0,0.0,517,751,9,3,y
@claire_ALN,3,0.2727272727272727,517,1176,6,0,y
@tim_redchupka,0,0.0,517,1166,2,7,n
@SassyAle_XO,4,0.3333333333333333,516,1720,2,4,n
@wadznapuntukan,0,0.0,515,433,2,2,n
@stanwhitt1,0,0.0,514,857,4,0,y
@OhGoshIts_Tash,4,0.26666666666666666,512,603,3,2,n
@bethiyotte,0,0.0,512,456,0,1,n
@MerDer_obsessed,2,0.125,512,459,7,1,y
@KMcchord,2,0.2222222222222222,511,834,14,0,y
@OHSnursezoe,3,0.25,510,700,13,0,y
@jonnybaldy,0,0.0,510,1153,12,2,y
@cindy_masindis,0,0.0,507,1898,7,0,y
@tommoME78,2,0.2,507,95,4,12,n
@Seanlicious25,1,0.07142857142857142,506,505,2,0,y
@nourelhodasala1,0,0.0,504,1139,4,0,y
@Adebisi326,1,0.09090909090909091,504,1535,8,2,y
@Graciana91,1,0.09090909090909091,503,1218,4,3,n
@GabsBalka,2,0.2,502,605,2,2,y
@cpchamakalayil,0,0.0,502,1866,2,5,n
@http__mariah,0,0.0,502,574,0,2,n
@BetaDerHale,3,0.25,501,860,8,0,y
@lm_mays,0,0.0,500,692,0,3,n
@fangirl_reedus,0,0.0,500,872,12,4,y
@iirishx,0,0.0,499,277,5,2,n
@Auntbean09Jill,2,0.13333333333333333,499,214,7,0,y
@TaralynRJohnson,3,0.1875,497,494,7,2,y
@mightynursemeg,0,0.0,497,492,2,3,n
@hallleslie54,0,0.0,497,859,13,0,y
@TnMurse,2,0.25,496,372,2,6,n
@Marz_614,1,0.1111111111111111,495,844,0,1,n
@ER_Nurse_Diva,4,0.2857142857142857,495,263,5,0,y
@BandBbyAnna,3,0.25,494,944,14,0,y
@cathy_moore__,0,0.0,494,2705,12,3,y
@hill_karenhill3,0,0.0,493,673,3,4,y
@crash_n2me,0,0.0,493,1719,10,1,y
@EwayyBrown,2,0.18181818181818182,493,1567,2,2,n
@AlisonLuckham,2,0.14285714285714285,492,330,8,2,y
@proud2byounique,0,0.0,492,716,4,0,y
@LongLostStark,3,0.21428571428571427,492,981,9,1,y
@SalliPilcherNHS,5,0.3125,491,718,14,1,y
@zandilez636,0,0.0,491,1404,8,4,y
@leaskalechip,0,0.0,490,732,3,10,n
@CelineFanpage,2,0.14285714285714285,489,498,1,8,n
@Satalightdish,1,0.07142857142857142,488,1533,6,6,n
@audreyringrose,0,0.0,487,444,4,9,n
@ranieldale,0,0.0,487,205,3,1,y
@MothersNatureMA,4,0.25,486,2005,1,6,n
@UANurseResearch,4,0.25,485,300,1,2,n
@stephanienettl2,0,0.0,484,1182,2,2,y
@wynter_simone,0,0.0,484,854,2,0,y
@mjafari47,0,0.0,482,465,6,0,y
@DreeaaaJ,2,0.2222222222222222,482,439,8,1,y
@roniefhelapsay1,0,0.0,481,535,7,1,y
@SierraRex,2,0.2,481,259,0,1,n
@RandiWoodford,2,0.14285714285714285,479,324,13,1,y
@e6c4a9e9889d40a,0,0.0,479,743,15,1,y
@ashleyrenee_6,0,0.0,478,468,1,3,n
@SpexyLexi,2,0.2,476,1017,2,5,n
@Strictly_Zoe,2,0.15384615384615385,476,50,2,1,y
@falroubaiai,0,0.0,475,1271,6,1,y
@drjendoering,0,0.0,475,1259,8,1,y
@soccerguy1515,0,0.0,473,1246,4,0,y
@Tyde_1,1,0.14285714285714285,472,30,12,0,y
@MelaniesFiber,2,0.14285714285714285,471,903,9,3,y
@Guardian_Lily,2,0.14285714285714285,469,181,9,1,y
@whitegirl4eva02,0,0.0,469,801,1,1,n
@TheMindNurse,3,0.23076923076923078,469,1673,11,2,y
@AllAboard1991,2,0.14285714285714285,469,790,5,8,n
@LindaMannsLinne,3,0.1875,468,2632,4,0,y
@salazar121378,0,0.0,468,1184,3,0,y
@serri_b,0,0.0,467,459,13,5,y
@RNalways4ever,2,0.14285714285714285,467,1521,9,0,y
@SarahBurton1983,2,0.125,467,381,11,1,y
@EthanTaj11,2,0.18181818181818182,466,688,10,2,y
@julia_towns,0,0.0,466,452,9,1,y
@aaronburkholde4,0,0.0,466,1642,4,11,n
@AmbriaBone,2,0.18181818181818182,466,1406,6,4,n
@Juulyeeen,1,0.1,465,320,0,2,n
@jrobbzz,0,0.0,465,359,0,1,n
@shellieboo364,0,0.0,464,488,12,1,y
@CDesRock88,3,0.2727272727272727,463,700,14,1,y
@Quin_Marek,2,0.18181818181818182,463,332,1,3,n
@MariamSimpal,2,0.15384615384615385,463,1302,1,7,n
@2dogsplusbaby,0,0.0,463,612,10,0,y
@knifton2,0,0.0,463,936,11,1,y
@Harrietilistic,1,0.06666666666666667,462,300,0,0,n
@KristyTheresa,2,0.14285714285714285,462,1424,6,1,y
@breedaniellexo,0,0.0,461,1326,2,10,n
@Rad_Aesthetics,2,0.13333333333333333,461,1784,11,0,y
@rachel_dumais,0,0.0,460,728,3,0,y
@LizAllibone,2,0.16666666666666666,460,476,15,4,y
@KathleenDolphin,2,0.125,460,724,9,1,y
@montrubytea,0,0.0,460,1084,3,8,n
@Ohh_Nailah,2,0.18181818181818182,458,444,1,3,n
@CutelyPuff,2,0.18181818181818182,458,721,2,10,n
@S3Solutions4U,3,0.21428571428571427,457,960,2,14,n
@ashaaaa_b,0,0.0,457,510,0,1,n
@pokecon_bot,0,0.0,457,1,2,9,n
@lyric4596_lyric,0,0.0,456,479,0,3,n
@lewdnurseslut,0,0.0,455,320,5,4,n
@bellaaawilson,0,0.0,455,994,1,5,n
@shirley27jones,0,0.0,454,855,4,1,y
@nightingaleink,0,0.0,453,558,12,6,y
@CorpDominatrix,2,0.13333333333333333,452,394,12,0,y
@ThaaatsSoRaven,3,0.2,452,298,3,3,n
@QOL4olderadults,3,0.1875,452,781,11,1,y
@christineloffer,0,0.0,452,1194,2,1,y
@mamma_life,0,0.0,450,439,1,2,y
@ellehcim1Dluv,1,0.07142857142857142,450,890,4,2,y
@Crazyformascara,1,0.0625,449,1984,6,2,y
@brieannabee,0,0.0,449,862,2,0,y
@HBarnesPhD,4,0.36363636363636365,448,629,3,2,y
@TheFuriousNurse,3,0.1875,447,422,2,1,n
@mwleonard64,0,0.0,447,1194,11,4,y
@abbie_tuffin,0,0.0,446,563,0,0,n
@Thank_A_Nurse,3,0.21428571428571427,446,765,4,1,n
@Davies74E,2,0.2,446,977,7,2,n
@MariniTika2,2,0.16666666666666666,446,1029,0,1,n
@LloydShaz,2,0.2,445,636,4,3,y
@O2BAGoonerUSA,7,0.5,445,531,4,0,y
@Nurse_RK,3,0.3333333333333333,443,617,5,3,y
@Indielnd,1,0.1111111111111111,442,440,2,0,n
@xxgeexx44,0,0.0,442,3637,1,1,y
@gungirlfungirl,0,0.0,441,1928,7,4,y
@callme_mechelle,0,0.0,440,411,0,0,n
@SolomonBarroa,2,0.14285714285714285,440,440,0,1,n
@KyLehman13,2,0.18181818181818182,440,486,5,1,y
@janice_laughlin,0,0.0,439,1170,1,1,y
@PJCracknellACC,6,0.4,438,1544,4,1,y
@anntew1,0,0.0,438,1085,4,0,y
@spicticus,0,0.0,438,956,0,0,y
@yahner_donrn,0,0.0,437,1280,6,1,y
@Xavieerr17,1,0.09090909090909091,437,485,0,0,n
@marlene7wwp,0,0.0,437,1141,1,0,y
@MaxLou7,2,0.25,437,1854,2,0,y
@tracyreek,0,0.0,436,763,5,1,y
@critic_tv_,0,0.0,436,2242,7,3,y
@MattersNursing,2,0.13333333333333333,436,1987,4,1,n
@XOsimplybri_,2,0.15384615384615385,435,521,0,0,n
@RealNurseLife,3,0.21428571428571427,435,658,0,0,n
@BoredMurse,2,0.18181818181818182,435,909,8,2,y
@sfrazee1,0,0.0,434,286,6,1,y
@AileenCollier15,2,0.125,433,845,5,2,y
@lanagraymills,0,0.0,433,429,4,0,n
@dyoung_97,0,0.0,433,704,2,0,n
@gosia_bal,0,0.0,433,536,0,2,y
@champaynelovely,0,0.0,432,450,7,1,n
@PackMamaMcCall,4,0.26666666666666666,431,155,7,5,y
@welcometofresno,0,0.0,431,2163,3,0,n
@nursediaryapp,0,0.0,429,1951,3,4,n
@nichellesaraii,0,0.0,429,366,4,2,n
@LahbabyBeenDown,3,0.1875,429,921,3,2,n
@xinempl,0,0.0,429,69,0,2,y
@Canadian_Camo22,2,0.125,429,615,0,2,y
@PerfectStar05,2,0.14285714285714285,427,204,5,1,y
@BohemiMARJ,5,0.45454545454545453,427,409,3,1,y
@Slavic_Wonder,2,0.14285714285714285,426,732,4,3,n
@kkat1118,0,0.0,425,510,9,0,y
@loren_jebb,0,0.0,424,213,0,1,y
@bandgeek52199,0,0.0,424,1049,4,1,y
@LindahWN,3,0.3333333333333333,423,573,10,2,y
@myriah_groth,0,0.0,423,1717,2,1,y
@Outlander_PR,3,0.23076923076923078,423,4,5,1,y
@AnneRoseEden,3,0.23076923076923078,422,817,4,3,n
@srnigliazzo,0,0.0,422,588,0,1,y
@jaguardacudao,0,0.0,422,387,0,0,y
@Grateful777aj,1,0.07142857142857142,422,595,3,3,y
@southERnMurse15,3,0.1875,422,123,5,1,y
@MariaCamila____,2,0.125,420,317,0,1,y
@koupepecom,0,0.0,420,493,5,2,n
@PrincessCait12,2,0.13333333333333333,419,576,1,0,n
@_alreadyamazing,0,0.0,419,398,5,2,n
@jsphjo_,0,0.0,419,568,0,0,n
@fragmentsmosaix,0,0.0,418,480,9,3,y
@pauldavidkenyon,0,0.0,418,997,3,0,n
@JoConnolly_,2,0.16666666666666666,417,527,4,3,y
@jordanleebowman,0,0.0,417,337,3,1,n
@Lsmorganjlm,1,0.08333333333333333,417,2070,1,1,y
@ProsCa_Nurse,3,0.23076923076923078,417,1838,3,2,y
@BrockbankJanet,2,0.13333333333333333,417,2309,4,2,y
@nurse_JayT,2,0.18181818181818182,417,929,0,0,y
@quadsandcamo,0,0.0,417,250,4,5,n
@weddedcastlefan,0,0.0,416,1020,6,1,y
@cik_mishiii,0,0.0,416,915,0,0,n
@t0mkurus,0,0.0,416,250,0,0,n
@C_McClutchie,3,0.23076923076923078,415,385,4,0,y
@misakimusic0822,0,0.0,415,1513,1,2,n
@TannerJHaas,3,0.25,414,382,1,2,n
@ClaraAndrews16,2,0.13333333333333333,413,1336,2,0,y
@aapaget,0,0.0,412,178,1,0,y
@kickypinky,0,0.0,412,790,1,0,n
@mary_titchener,0,0.0,412,1058,5,4,y
@NonyeSolomon,2,0.15384615384615385,412,412,6,1,y
@probs_nurse,0,0.0,411,0,5,2,n
@ElenaSgrey,2,0.18181818181818182,411,1936,5,3,y
@youniquemorgan,0,0.0,410,1254,6,1,y
@nicoleemariiexo,0,0.0,409,664,1,0,n
@Nurse_Daily,2,0.16666666666666666,409,653,4,1,n
@RealEstateofCFL,5,0.3125,408,708,6,0,y
@promisseee,0,0.0,407,261,2,0,n
@keegannmarah,0,0.0,407,235,3,2,n
@steve_grimbleby,0,0.0,405,523,7,1,y
@strongfitfab52,0,0.0,405,511,7,0,y
@ShunGlizzy,2,0.18181818181818182,404,321,8,0,y
